Algorithm_name,Execution Time (ms),Searched Cells,Total Path Cost
DFS,137.0003223,33098,51951
DFS_LIM,241.0106659,38267,46817
DFS,722.0008373,223309,179914
DFS_LIM,152.9998779,56893,14320
DFS,543.9996719,110738,169150
DFS_LIM,290.0133133,114324,115444
DFS,497.0009327,94704,113087
DFS_LIM,259.0000629,93595,106395
DFS,663.9997959,166826,253508
DFS_LIM,423.0010509,163878,251886
DFS,566.0007,121701,184729
DFS_LIM,328.9875984,126157,163069
DFS,792.9999828,205030,178319
DFS_LIM,486.00006099999996,204570,173655
DFS,711.0002041,210041,199598
DFS_LIM,483.9873314,211356,199394
DFS,506.99925420000005,92375,116463
DFS_LIM,255.00011439999997,91183,107983
DFS,727.9992104,193620,256056
DFS_LIM,483.99996760000005,194048,253914
DFS,554.0003777,54606,95492
DFS_LIM,193.0043697,62219,102508
DFS,507.99989700000003,88737,163729
DFS_LIM,273.0004787,98460,164227
DFS,686.0001087,166608,236427
DFS_LIM,429.00013920000004,165428,229687
DFS,460.9992504,67977,135707
DFS_LIM,208.9998722,70998,134643
DFS,436.99979779999995,167504,271077
DFS_LIM,444.98729710000003,167563,271077
DFS,137.0003223,23635,72700
DFS_LIM,501.00016589999996,47242,90164
DFS,769.9999809,147446,228370
DFS_LIM,397.0010281,149468,225756
DFS,599.0009308000001,121483,194138
DFS_LIM,319.9999332,122844,158208
DFS,539.000988,87882,179434
DFS_LIM,315.0019646,88306,179098
DFS,778.0008316,231016,124486
DFS_LIM,488.9981747,214492,152304
DFS,685.9993935000001,151131,239744
DFS_LIM,406.00085260000003,151883,236574
DFS,468.9998627,70762,134215
DFS_LIM,228.000164,77667,137669
DFS,608.9999676,131489,205852
DFS_LIM,374.98688699999997,140476,199988
DFS,755.0127506,195871,205596
DFS_LIM,479.0000916,196119,201770
DFS,788.0003452,214001,131230
DFS_LIM,505.0024986,214872,126990
DFS,125.0009537,28547,56929
DFS_LIM,545.0000763,101881,95993
DFS,687.9999637999999,148007,174997
DFS_LIM,443.00007819999996,147734,171861
DFS,120.99981310000001,25898,40399
DFS_LIM,382.0002079,25727,40181
DFS,558.000803,92491,201936
DFS_LIM,271.0001469,93174,202046
DFS,672.0004081999999,145979,246666
DFS_LIM,388.00048830000003,145094,244052
DFS,638.9989853,125857,186878
DFS_LIM,348.9999771,127223,179926
DFS,595.0012207000001,107583,130278
DFS_LIM,288.9995575,104561,121326
DFS,487.99896240000004,58677,131141
DFS_LIM,185.9982014,60942,122795
DFS,560.0008965,93749,129570
DFS_LIM,288.0003452,105075,122062
DFS,681.9996834,143177,207950
DFS_LIM,391.99995989999996,145182,201014
DFS,618.986845,122266,138739
DFS_LIM,320.0001717,117221,132591
DFS,54.001092899999996,5471,12241
DFS_LIM,56.999921799999996,7994,9831
DFS,737.0009422,184231,300624
DFS_LIM,475.00896450000005,186388,290044
DFS,781.0001373,187353,300345
DFS_LIM,483.9992523,187071,297847
DFS,778.9993286,217513,187550
DFS_LIM,489.0010357,212959,191484
DFS,381.000042,27186,37345
DFS_LIM,112.00070380000001,29457,37985
DFS,554.0001392,90361,107634
DFS_LIM,257.0002079,90564,100360
DFS,793.0009365000001,221426,121671
DFS_LIM,504.0001869,220285,125341
DFS,551.0008335,89244,194062
DFS_LIM,259.9995136,90881,188676
DFS,806.9999218,224195,147811
DFS_LIM,489.0005589,203213,179423
DFS,657.0003033,134568,169689
DFS_LIM,344.9993134,130936,162903
DFS,802.999258,215152,128811
DFS_LIM,509.99879839999994,216040,129353
DFS,555.0005435999999,87968,180591
DFS_LIM,252.9997826,87920,165995
DFS,121.9992638,23038,44746
DFS_LIM,378.0021667,23429,39546
DFS,372.00069429999996,19560,48463
DFS_LIM,148.0007172,44971,67275
DFS,759.9999905,177768,234516
DFS_LIM,469.0005779,180509,228320
DFS,470.9999561,54919,112835
DFS_LIM,180.9985638,56676,112547
DFS,731.0020924,163628,241662
DFS_LIM,445.0004101,166948,236174
DFS,598.9999771,109781,144026
DFS_LIM,306.9996834,110252,142378
DFS,457.99970629999996,47783,127465
DFS_LIM,278.9990902,100441,155565
DFS,684.0000153,144672,221954
DFS_LIM,384.0000629,147215,210530
DFS,743.999958,211358,70378
DFS_LIM,514.9998664999999,241221,10148
DFS,779.0009974999999,194803,209493
DFS_LIM,482.0001125,195168,208047
DFS,197.9997158,40252,88415
DFS_LIM,449.0013123,66041,110813
DFS,798.0005741,207354,169926
DFS_LIM,504.99916079999997,210841,165194
DFS,381.0009956,22628,40628
DFS_LIM,101.0007858,24065,40628
DFS,584.9995613,99245,200614
DFS_LIM,286.0004902,101549,200028
DFS,784.0125561,239473,18523
DFS_LIM,516.0000324,237974,18263
DFS,802.0126819999999,211437,168651
DFS_LIM,500.9992123,210505,164143
DFS,806.0007095,224135,144924
DFS_LIM,495.99981310000004,218211,134556
DFS,564.000845,92724,192926
DFS_LIM,303.0006886,110396,200336
DFS,488.00086980000003,60742,109776
DFS_LIM,184.0009689,57527,105374
DFS,798.0005741,230942,70384
DFS_LIM,500.00095369999997,231009,70246
DFS,670.0007915,134113,163226
DFS_LIM,355.9999466,130273,156338
DFS,462.0001316,45943,101694
DFS_LIM,162.00113299999998,49110,101664
DFS,578.0005455,93676,110888
DFS_LIM,259.0005398,91587,81294
DFS,656.0134888,134936,175081
DFS_LIM,345.0000286,133255,162357
DFS,671.9975471,148427,213213
DFS_LIM,397.0007896,147239,210973
DFS,800.9998798,221487,139741
DFS_LIM,503.99994849999996,221556,138137
DFS,110.0001335,18995,31886
DFS_LIM,102.00095180000001,24877,35660
DFS,802.0136356,219189,195880
DFS_LIM,470.0009823,216296,56860
DFS,667.0002937,134582,191330
DFS_LIM,361.0002995,133190,182800
DFS,697.9992390000001,148743,257594
DFS_LIM,396.999836,150361,253470
DFS,55.9988022,7109,20086
DFS_LIM,60.001134900000004,8373,19728
DFS,482.0005894,51503,99236
DFS_LIM,179.01277539999998,57211,97126
DFS,765.0001049,171229,267436
DFS_LIM,458.0001831,170247,265552
DFS,664.000988,145192,269210
DFS_LIM,389.9998665,147473,260986
DFS,453.0000687,40347,74537
DFS_LIM,159.0015888,48372,70177
DFS,809.0000153,212634,141274
DFS_LIM,498.0137348,212877,137510
DFS,682.0001602,142730,217773
DFS_LIM,351.0000706,131086,197939
DFS,605.9985161,109560,162577
DFS_LIM,314.9998188,115248,160119
DFS,696.000576,144701,229574
DFS_LIM,361.9997501,132064,217158
DFS,587.0127678,103802,119669
DFS_LIM,285.00032419999997,104550,118805
DFS,550.0001907,83385,120675
DFS_LIM,254.0001869,85299,118311
DFS,793.0128574,201071,184210
DFS_LIM,487.9999161,199276,179998
DFS,795.9990501000001,236749,41531
DFS_LIM,505.00082970000005,232295,39887
DFS,457.9994678,43976,78194
DFS_LIM,159.9988937,47864,74906
DFS,811.000824,220530,101300
DFS_LIM,507.0011616,221009,98702
DFS,811.0013008,221025,177412
DFS_LIM,507.99989700000003,220974,177938
DFS,453.0000687,38243,59155
DFS_LIM,109.99846459999999,28638,42181
DFS,507.9996586,61827,142548
DFS_LIM,204.9968243,62832,143214
DFS,481.0135365,48107,126706
DFS_LIM,170.9997654,50855,123656
DFS,801.0013103,213049,130654
DFS_LIM,502.0012856,212876,129822
DFS,812.0000362000001,228012,136393
DFS_LIM,239.0005589,86595,103139
DFS,781.0122967000001,194709,248647
DFS_LIM,499.99904630000003,205970,238233
DFS,797.0006466,189933,274333
DFS_LIM,482.9983711,187909,270439
DFS,564.0006064999999,87220,187628
DFS_LIM,257.0002079,88909,187798
DFS,686.9997978,139179,185414
DFS_LIM,375.0007153,139205,184244
DFS,495.00012399999997,72547,160248
DFS_LIM,236.0012531,80102,154336
DFS,431.000948,41775,114342
DFS_LIM,199.0010738,69134,81314
DFS,468.9998627,60797,127307
DFS_LIM,187.99877170000002,59056,125227
DFS,740.0007248000001,161545,250359
DFS_LIM,434.0000153,161321,246357
DFS,695.0128078,156076,211955
DFS_LIM,429.9986362,165232,201345
DFS,58.0003262,8136,21876
DFS_LIM,61.0001087,9011,21816
DFS,809.0002536999999,209557,149117
DFS_LIM,500.0,209514,148537
DFS,536.000967,69726,115125
DFS_LIM,203.99880409999997,66220,107137
DFS,681.000948,141069,235148
DFS_LIM,383.9998245,145104,233102
DFS,102.99944880000001,15162,49028
DFS_LIM,81.00008960000001,15918,50986
DFS,773.0000018999999,177760,300027
DFS_LIM,466.0007954,177145,296913
DFS,438.9998913,30762,107731
DFS_LIM,122.99990650000001,33391,108991
DFS,473.000288,37523,65872
DFS_LIM,151.9973278,49658,23052
DFS,584.9997997,106180,208502
DFS_LIM,214.9999142,70068,162146
DFS,394.0002918,17281,28756
DFS_LIM,85.9999657,19175,29056
DFS,589.0090465999999,100579,101880
DFS_LIM,280.0009251,101371,99524
DFS,660.9890461,130587,175841
DFS_LIM,425.9886742,129757,146383
DFS,46.0009575,2411,3594
DFS_LIM,47.000885,2882,3194
DFS,812.9999637999999,234312,68295
DFS_LIM,503.00025940000006,230837,65489
DFS,93.99986270000001,10857,39103
DFS_LIM,98.99950030000001,26174,37333
DFS,577.000618,93925,113396
DFS_LIM,278.0001163,101389,98592
DFS,739.9995326999999,157168,230966
DFS_LIM,425.0006676,157312,230608
DFS,722.9995728,152765,259003
DFS_LIM,417.9999828,160468,248981
DFS,824.9993324,237506,38115
DFS_LIM,510.99872589999995,236607,27701
DFS,700.0000477,146651,227330
DFS_LIM,427.990675,137146,226050
DFS,491.0004139,52827,109042
DFS_LIM,176.0010719,52940,107292
DFS,706.0000896,157496,244835
DFS_LIM,419.0011024,157400,243737
DFS,631.0002804,113899,134195
DFS_LIM,322.0000267,114719,132073
DFS,471.0009098,45427,96803
DFS_LIM,145.0009346,41182,88021
DFS,439.9998188,30176,52254
DFS_LIM,138.001442,38047,52514
DFS,782.0003033,206097,151041
DFS_LIM,478.000164,215608,89833
DFS,548.9997864000001,78120,153681
DFS_LIM,250.0,81819,155245
DFS,543.0002213,74738,185491
DFS_LIM,229.00033,75877,186289
DFS,819.9994564000001,203476,230188
DFS_LIM,503.99994849999996,202794,210184
DFS,124.9997616,26023,33928
DFS_LIM,400.9993076,26674,33696
DFS,571.0010529,84062,101527
DFS_LIM,256.0002804,88330,95277
DFS,579.0002346,94389,193681
DFS_LIM,266.0007477,93914,191671
DFS,784.0006351,221130,135287
DFS_LIM,461.9994164,202569,48171
DFS,531.9998264,74094,140822
DFS_LIM,228.00087929999998,77669,141074
DFS,127.00009349999999,24223,72464
DFS_LIM,419.0013409,37935,64944
DFS,769.9868679,182393,316383
DFS_LIM,475.0127792,182369,316157
DFS,820.0008869,206745,179353
DFS_LIM,507.99989700000003,207548,171775
DFS,406.0001373,27561,58391
DFS_LIM,119.00115009999999,32657,62351
DFS,561.9871615999999,80287,155229
DFS_LIM,257.0002079,87651,155971
DFS,529.999733,75112,162891
DFS_LIM,220.0000286,74543,161733
DFS,646.999836,123016,157712
DFS_LIM,341.9992924,126325,154414
DFS,711.0013962,149217,212119
DFS_LIM,388.0000114,148923,196265
DFS,812.9999637999999,202152,183126
DFS_LIM,497.0002174,202800,177434
DFS,772.0005512,175895,269427
DFS_LIM,461.9860649,176048,268955
DFS,505.00082970000005,54981,134372
DFS_LIM,320.0008869,117779,159678
DFS,99.9999046,15957,18064
DFS_LIM,117.9866791,30738,25776
DFS,633.9998245,110452,228672
DFS_LIM,309.99970440000004,110008,226188
DFS,104.99954220000001,17259,56917
DFS_LIM,84.0001106,17603,60267
DFS,61.999797799999996,9168,28347
DFS_LIM,59.001445800000006,8325,32475
DFS,538.0008221,76449,168345
DFS_LIM,292.99879070000003,106868,168761
DFS,533.9999199,81712,139741
DFS_LIM,240.0007248,82102,128867
DFS,564.0001297,84023,169167
DFS_LIM,81.99906349999999,18567,8939
DFS,569.0002441,83075,153654
DFS_LIM,239.00079730000002,84979,138844
DFS,452.0022869,38245,106837
DFS_LIM,186.99955939999998,60336,125641
DFS,596.9984531,94682,209206
DFS_LIM,276.9978046,96333,206908
DFS,585.0007534,95087,109586
DFS_LIM,268.0001259,95327,105892
DFS,817.9869652,149657,230748
DFS_LIM,405.0126076,150104,226492
DFS,518.999815,64830,104637
DFS_LIM,236.0012531,87937,89425
DFS,812.9997253,214938,167502
DFS_LIM,489.0003204,212943,140326
DFS,609.9994183,103817,152833
DFS_LIM,287.0001793,102139,146649
DFS,596.9998837,94301,139613
DFS_LIM,271.0008621,93656,137111
DFS,680.9999943,134183,190245
DFS_LIM,361.9987965,134444,190245
DFS,606.9998741,99524,122785
DFS_LIM,283.9999199,99221,117537
DFS,778.9998055,176192,296385
DFS_LIM,467.0114517,177945,294353
DFS,551.9998074,74180,142428
DFS_LIM,234.0011597,77573,141762
DFS,815.0007725,215150,171407
DFS_LIM,490.0007248,209199,167783
DFS,134.0000629,28119,36035
DFS_LIM,414.0000343,29737,36147
DFS,796.0004806999999,184249,280176
DFS_LIM,478.000164,185129,277848
DFS,819.9996948,198931,235686
DFS_LIM,506.0002804,198169,228214
DFS,589.9999141999999,93212,121933
DFS_LIM,278.0001163,97157,121505
DFS,829.0002346,204310,186086
DFS_LIM,500.998497,201921,178856
DFS,717.0138359,147654,228892
DFS_LIM,394.9990273,149298,220426
DFS,127.0008087,23614,55254
DFS_LIM,101.0000706,23878,53614
DFS,717.9999352000001,149799,205001
DFS_LIM,393.99981499999996,147709,206181
DFS,695.9996223,140473,216457
DFS_LIM,375.0014305,139586,200249
DFS,445.0006485,45053,91252
DFS_LIM,161.0002518,49167,92472
DFS,709.0129852,145609,212761
DFS_LIM,381.0019493,149907,177185
DFS,593.0008888,94384,127174
DFS_LIM,284.0018272,108083,104956
DFS,104.00009159999999,14989,32240
DFS_LIM,483.9997292,55149,99486
DFS,480.0004959,46629,107438
DFS_LIM,204.9999237,71587,91904
DFS,666.0130024,126945,205695
DFS_LIM,321.9981194,122836,148131
DFS,826.9996643000001,232755,66964
DFS_LIM,508.99958609999993,232864,66788
DFS,43.9996719,1740,5230
DFS_LIM,45.000076299999996,1740,5230
DFS,800.0004292,208527,95142
DFS_LIM,478.00040249999995,210795,79726
DFS,789.9999619,177830,282163
DFS_LIM,465.0006294,176242,279681
DFS,58.9993,9186,13191
DFS_LIM,465.00778199999996,39517,64983
DFS,595.9999561,91467,121336
DFS_LIM,259.9999905,90948,98606
DFS,762.0010376,200668,265310
DFS_LIM,506.9999695,200645,262520
DFS,629.0011406,108776,210251
DFS_LIM,304.00085449999995,109817,210947
DFS,828.0000686999999,227369,104515
DFS_LIM,506.0002804,225798,108239
DFS,59.9999428,8778,24092
DFS_LIM,63.998460800000004,10381,24114
DFS,132.99965859999998,27823,62796
DFS_LIM,428.000927,32601,52188
DFS,703.0003071000001,136479,181671
DFS_LIM,371.999979,136798,168683
DFS,715.000391,151389,228201
DFS_LIM,402.9996395,151111,235379
DFS,642.9998875,110081,135586
DFS_LIM,320.0004101,112703,133950
DFS,135.0004673,30372,69235
DFS_LIM,423.9997864,30504,69235
DFS,628.9997101,104262,119717
DFS_LIM,297.0001698,104976,116713
DFS,469.0001011,39214,125396
DFS_LIM,164.0005112,56621,35586
DFS,529.0000439,62289,149730
DFS_LIM,243.0036068,83509,103750
DFS,644.0002918,113937,220234
DFS_LIM,79.9999237,16904,3196
DFS,834.9997997,212008,174183
DFS_LIM,512.0136738,212776,172457
DFS,761.9993687,163904,236908
DFS_LIM,441.9999123,165286,234090
DFS,730.0000191,148841,235797
DFS_LIM,376.00088120000004,139423,217167
DFS,649.0008831,118181,186754
DFS_LIM,311.000824,112508,172330
DFS,839.9991989,218083,100330
DFS_LIM,512.0010376,217307,94176
DFS,687.0000362000001,143896,208011
DFS_LIM,390.999794,145266,207781
DFS,492.000103,45695,106496
DFS_LIM,227.00452800000002,75582,120772
DFS,675.0006676,128509,245569
DFS_LIM,328.99069790000004,118769,229309
DFS,494.9986935,48926,126968
DFS_LIM,78.9995193,15314,39878
DFS,781.0001373,188249,287186
DFS_LIM,492.000103,190678,283516
DFS,820.0011253,182996,313422
DFS_LIM,490.000248,183094,307078
DFS,868.9894675999999,234611,56854
DFS_LIM,514.9998664999999,234559,57228
DFS,845.0009823,227353,69429
DFS_LIM,515.001297,227951,67451
DFS,576.9991875000001,84348,190730
DFS_LIM,257.0002079,85957,190140
DFS,844.9997902,216323,190691
DFS_LIM,516.0005093,216558,185769
DFS,795.0122356,179645,278945
DFS_LIM,466.9995308,179881,276361
DFS,833.0006599000001,216669,104703
DFS_LIM,511.9988918,218627,100223
DFS,591.0003185,88281,170293
DFS_LIM,258.0008507,88474,168473
DFS,612.000227,97329,208539
DFS_LIM,318.0007935,118061,155449
DFS,772.0131874,167843,262673
DFS_LIM,448.9986897,167813,260723
DFS,832.0009708,209153,160008
DFS_LIM,505.00082970000005,209653,151782
DFS,97.9988575,13252,41277
DFS_LIM,833.0001831,241362,2151
DFS,610.9993458,92494,201032
DFS_LIM,275.00081059999997,93633,201020
DFS,789.0007496,173492,270169
DFS_LIM,461.00020409999996,173627,269827
DFS,528.0003548,60863,136982
DFS_LIM,170.9997654,63513,15870
DFS,487.0007038,46958,78544
DFS_LIM,139.00089260000001,38181,63386
DFS,619.0006733,101470,116768
DFS_LIM,269.00100710000004,95079,95844
DFS,831.0008048999999,214949,140760
DFS_LIM,492.000103,211677,121692
DFS,687.0000362000001,128865,158775
DFS_LIM,352.0007133,128388,157123
DFS,667.999506,120250,180254
DFS_LIM,310.0001812,114307,150592
DFS,626.0006428,98878,111388
DFS_LIM,280.9998989,98530,99964
DFS,835.9997272,231472,74718
DFS_LIM,503.99994849999996,230617,74884
DFS,109.00044439999999,15508,52700
DFS_LIM,85.0000381,16920,53540
DFS,537.9998684,65634,117494
DFS_LIM,183.99977679999998,58417,102620
DFS,840.0008678,210664,149918
DFS_LIM,563.9903545,207659,144148
DFS,774.9993801,168296,259681
DFS_LIM,441.0116673,171898,229841
DFS,63.0004406,9694,12101
DFS_LIM,107.0001125,16698,8933
DFS,647.0000743999999,126286,182991
DFS_LIM,369.9998856,126387,182617
DFS,888.9861107,198276,215350
DFS_LIM,509.0000629,198482,215056
DFS,719.0008163,142049,199249
DFS_LIM,380.0010681,142454,196327
DFS,539.0000343,64746,155643
DFS_LIM,154.0002823,46882,92203
DFS,717.0007229,153672,267290
DFS_LIM,416.0010815,157576,259166
DFS,818.0000782,214837,161011
DFS_LIM,520.99967,215198,155015
DFS,680.0000668,127167,167341
DFS_LIM,334.0024948,127291,124423
DFS,502.0000935,49911,99819
DFS_LIM,172.00016979999998,51236,100707
DFS,487.000227,44637,51988
DFS_LIM,151.0009766,47187,49674
DFS,855.9997082,224459,137091
DFS_LIM,518.0299282000001,224922,138237
DFS,848.0010033,236145,35563
DFS_LIM,506.99973109999996,235101,35765
DFS,51.000118300000004,4187,13854
DFS_LIM,506.9999695,46052,58004
DFS,49.9992371,4648,6637
DFS_LIM,94.9997902,13527,7531
DFS,815.0129318,179600,268028
DFS_LIM,476.9997597,179210,266834
DFS,839.9991989,229603,98334
DFS_LIM,513.0009651,230243,87488
DFS,562.9994869,74776,155466
DFS_LIM,234.000206,80065,145608
DFS,832.0007324000001,221282,152005
DFS_LIM,507.99989700000003,230704,69265
DFS,585.0002766,81018,164898
DFS_LIM,245.0010777,81077,164898
DFS,174.0002632,41313,83286
DFS_LIM,423.0017662,43431,84062
DFS,604.0008068,91024,186977
DFS_LIM,275.00009539999996,94242,185581
DFS,829.0002346,209438,153088
DFS_LIM,508.99958609999993,219586,151340
DFS,755.0005913,152942,239841
DFS_LIM,412.99939159999997,155450,230155
DFS,837.9998207,227432,107277
DFS_LIM,186.0001087,68462,30869
DFS,586.0002041,79261,187866
DFS_LIM,245.9983826,81092,187858
DFS,440.9999847,23348,38974
DFS_LIM,108.0000401,28435,40212
DFS,502.9990673,45842,108684
DFS_LIM,162.9989147,47432,109910
DFS,751.0008812,154192,220640
DFS_LIM,405.9998989,153336,214884
DFS,639.9998664999999,119092,184721
DFS_LIM,325.0021935,116917,186113
DFS,553.9858341,69699,125176
DFS_LIM,248.01278109999998,84934,129946
DFS,849.9979973000001,237461,38749
DFS_LIM,508.0108643,230001,32545
DFS,806.9999218,180668,279546
DFS_LIM,477.99968720000004,182448,275556
DFS,572.0002651,74821,152752
DFS_LIM,189.0010834,58157,134518
DFS,574.0001202,89455,202310
DFS_LIM,252.98714639999997,92178,115398
DFS,701.9975185000001,130824,181988
DFS_LIM,343.00088880000004,123932,173568
DFS,677.0005226,123841,194501
DFS_LIM,343.0011272,126660,185939
DFS,860.9998226,239416,32792
DFS_LIM,522.9995251,236538,32784
DFS,710.9863758,112957,174562
DFS_LIM,319.9996948,113018,173344
DFS,510.00022889999997,63992,140068
DFS_LIM,102.0007133,24245,51714
DFS,843.0006504,216437,208778
DFS_LIM,494.0009117,213178,194728
DFS,535.0000858000001,58157,141175
DFS_LIM,205.99961280000002,65248,149603
DFS,745.9890842,119867,179390
DFS_LIM,326.9996643,123062,170490
DFS,631.9999695,114094,158170
DFS_LIM,315.00029559999996,110888,159418
DFS,545.0005530999999,63197,170436
DFS_LIM,272.0000744,93897,190688
DFS,732.0013046,144398,197908
DFS_LIM,393.0006027,144253,196524
DFS,776.9873142,129631,188335
DFS_LIM,359.0135574,130067,184763
DFS,633.9995861,98607,208433
DFS_LIM,292.0091152,99983,208151
DFS,652.0013809000001,108176,127663
DFS_LIM,299.9997139,106812,120515
DFS,626.999855,97929,127673
DFS_LIM,181.00023270000003,61402,52667
DFS,818.0136681,202539,250731
DFS_LIM,496.9990253,201145,231993
DFS,598.0002880000001,81741,170753
DFS_LIM,246.999979,83066,170837
DFS,657.0000647999999,112401,222267
DFS_LIM,302.0009995,109564,203133
DFS,864.000082,232692,106741
DFS_LIM,518.9995766,232253,86681
DFS,844.9995518,194181,284958
DFS_LIM,497.0121384,194647,282232
DFS,831.9997787,242793,7600
DFS_LIM,519.0002918,242802,7600
DFS,841.0010338000001,188777,305046
DFS_LIM,497.0004559,188556,301472
DFS,764.0008926,151908,227972
DFS_LIM,483.9868546,151445,221560
DFS,718.0142403000001,139272,232026
DFS_LIM,369.0013885,136023,230034
DFS,854.0008068,212722,160781
DFS_LIM,512.0007992,214480,161349
DFS,614.9995326999999,100519,118838
DFS_LIM,161.9982719,55102,48774
DFS,671.9951629999999,90863,196426
DFS_LIM,272.99952509999997,92057,196620
DFS,105.00073429999999,16519,31751
DFS_LIM,521.0006237,66685,70351
DFS,784.001112,224560,147758
DFS_LIM,515.0005817,223316,147974
DFS,848.0007648,211158,196222
DFS_LIM,514.0004158,216237,180458
DFS,534.0116024,55456,137300
DFS_LIM,188.00234790000002,57004,137076
DFS,602.0009518,87679,152479
DFS_LIM,229.0005684,76758,138887
DFS,755.0003529,149895,249814
DFS_LIM,402.9998779,148188,241130
DFS,587.9998207,83867,185287
DFS_LIM,263.00072670000003,89289,186685
DFS,61.0003471,8198,17521
DFS_LIM,58.9997768,7432,19687
DFS,518.0008411,50777,140780
DFS_LIM,182.0006371,55493,140432
DFS,591.0005569,78259,154511
DFS_LIM,230.0004959,79579,133687
DFS,848.0000496,232900,69297
DFS_LIM,513.0002499000001,233167,68427
DFS,494.0004349,52433,99723
DFS_LIM,171.9999313,54190,99095
DFS,567.0001507,73009,177869
DFS_LIM,313.999176,115823,198223
DFS,858.9999676,232633,73671
DFS_LIM,518.0022717,232565,74071
DFS,857.0010662000001,230941,98924
DFS_LIM,505.99837299999996,227692,90072
DFS,852.0011902,213210,185202
DFS_LIM,508.00061230000006,210397,188488
DFS,614.0127182,92842,200385
DFS_LIM,274.00016780000004,95509,202351
DFS,457.0000172,36822,70975
DFS_LIM,140.0008202,37365,69745
DFS,836.9998932,206367,158588
DFS_LIM,504.00090220000004,210393,163356
DFS,685.999155,121406,161787
DFS_LIM,339.98608590000003,121091,160567
DFS,746.0007668000001,149559,252012
DFS_LIM,411.0007286,156602,247334
DFS,832.0000172,231908,62511
DFS_LIM,520.99967,231768,63021
DFS,794.9864864,144517,199660
DFS_LIM,394.9990273,145664,196488
DFS,854.0000916,219276,93675
DFS_LIM,514.9998664999999,220640,89411
DFS,49.9999523,4241,12987
DFS_LIM,56.0007095,7253,13099
DFS,660.0000858000001,106423,154803
DFS_LIM,304.99839779999996,105904,153419
DFS,662.5151634,85165,167137
DFS_LIM,253.99994850000002,85533,166361
DFS,570.0006485,68774,126552
DFS_LIM,166.00704190000002,47354,100214
DFS,123.9998341,23566,42499
DFS_LIM,469.0003395,38828,48167
DFS,475.9995937,39502,80811
DFS_LIM,147.00007440000002,39435,78673
DFS,915.9872531999999,182653,313297
DFS_LIM,487.0090485,183789,312141
DFS,852.0011902,187679,294541
DFS_LIM,495.00060080000003,185123,292663
DFS,840.9996033,216685,88477
DFS_LIM,504.00090220000004,230668,43929
DFS,584.9988460999999,76519,151099
DFS_LIM,238.0001545,78451,150571
DFS,630.0001144,97774,117467
DFS_LIM,279.9999714,98079,113999
DFS,745.9993362,144230,212078
DFS_LIM,390.00082019999996,141226,205936
DFS,712.9983902,135490,190811
DFS_LIM,357.0001125,136840,170719
DFS,840.0011063000001,181791,286682
DFS_LIM,489.000082,182195,284154
DFS,855.0007343,230907,87781
DFS_LIM,492.0010567,217559,82013
DFS,547.000885,59295,95168
DFS_LIM,194.99993320000002,59597,95200
DFS,855.0000191,222528,162077
DFS_LIM,111.0002995,34619,2833
DFS,641.0000324,97459,141121
DFS_LIM,286.99922560000005,97531,139553
DFS,603.0011177,85985,106446
DFS_LIM,254.00090219999998,86486,105250
DFS,580.0011158,87856,189527
DFS_LIM,261.0008717,89836,189589
DFS,860.9983920999999,231974,91144
DFS_LIM,515.0008202,231401,92454
DFS,655.0009251,105171,135692
DFS_LIM,300.98605160000005,104027,128480
DFS,860.0003719,238955,35873
DFS_LIM,512.0007992,235227,44235
DFS,493.999958,36082,74331
DFS_LIM,142.00067520000002,36664,72933
DFS,793.0004597,165550,262047
DFS_LIM,400.00081059999997,153623,243873
DFS,934.9863528999999,217269,205573
DFS_LIM,528.9874077,217345,202657
DFS,676.9995689,116477,234557
DFS_LIM,325.00076290000004,116113,234119
DFS,598.9997387,96438,218833
DFS_LIM,269.99998089999997,101161,128903
DFS,185.999155,34647,73019
DFS_LIM,423.0000973,36735,73987
DFS,737.0131016,142708,225209
DFS_LIM,388.99993900000004,143071,222861
DFS,623.9998341,90798,97292
DFS_LIM,257.0009232,91240,95978
DFS,580.0008773999999,86698,171079
DFS_LIM,50.000906,4183,2619
DFS,826.0002135999999,181895,278778
DFS_LIM,472.9995728,183030,265016
DFS,51.9988537,4683,21908
DFS_LIM,172.9998589,46698,30618
DFS,861.0007763000001,217890,202582
DFS_LIM,513.0009651,217570,202176
DFS,643.0008411,114605,224734
DFS_LIM,337.0008469,122586,227330
DFS,578.0000686999999,69493,144346
DFS_LIM,240.0009632,79536,156264
DFS,839.9999141999999,179822,292947
DFS_LIM,486.9997501,179515,292091
DFS,849.0006923999999,205590,165345
DFS_LIM,495.9990978,207035,153183
DFS,659.9993706,104128,211008
DFS_LIM,235.0001335,77524,178750
DFS,827.0001411,181708,288129
DFS_LIM,481.98747629999997,181327,287645
DFS,222.99861909999998,44061,101382
DFS_LIM,477.0007133,61559,103120
DFS,862.0007038,219827,190366
DFS_LIM,513.9989853,219699,189798
DFS,868.0009842000001,216966,194881
DFS_LIM,511.00039480000004,216710,194285
DFS,628.9868355,59749,132746
DFS_LIM,275.99978450000003,96436,161926
DFS,871.999979,217118,210738
DFS_LIM,350.99911690000005,128181,200008
DFS,524.0006447,47970,71123
DFS_LIM,205.00016209999998,65975,88009
DFS,803.9996624,164966,257574
DFS_LIM,436.0001087,170111,225778
DFS,570.0128078,71137,121739
DFS_LIM,247.0011711,87312,120783
DFS,827.0008564,228278,104140
DFS_LIM,510.999918,226484,104106
DFS,587.0010853,74516,170955
DFS_LIM,261.0006332,89278,178283
DFS,632.0014000000001,90057,193729
DFS_LIM,260.0033283,92105,129219
DFS,459.0127468,23453,52986
DFS_LIM,204.9999237,68202,84892
DFS,704.9996853,125516,182058
DFS_LIM,350.0008583,133437,156690
DFS,654.0000439,104892,151122
DFS_LIM,310.0001812,112462,139670
DFS,521.999836,45916,94087
DFS_LIM,207.0000172,64498,113607
DFS,817.9996014000001,173661,272092
DFS_LIM,463.98711199999997,174820,264936
DFS,496.999979,35559,60024
DFS_LIM,195.9996223,61963,79986
DFS,518.9974308000001,44022,104571
DFS_LIM,165.0006771,49552,103065
DFS,879.9993992000001,218565,151338
DFS_LIM,511.9998455,214402,156198
DFS,660.9992981,103524,146271
DFS_LIM,281.99982639999996,97701,140257
DFS,754.0001869,146032,240045
DFS_LIM,399.0011215,147030,238997
DFS,859.0006827999999,239441,58587
DFS_LIM,380.0001144,155230,147889
DFS,640.0010586,94756,209239
DFS_LIM,272.9892731,92016,204551
DFS,663.9993191,107724,214143
DFS_LIM,320.9996223,114740,209831
DFS,815.0005341,169489,239253
DFS_LIM,452.9998302,168271,236543
DFS,821.9976425,190769,291927
DFS_LIM,495.0010777,190747,288649
DFS,594.9883461,53201,100135
DFS_LIM,188.00044060000002,55653,94801
DFS,619.9998856,87933,186584
DFS_LIM,262.0005608,89078,186910
DFS,829.0009498999999,186754,308680
DFS_LIM,490.9999371,187927,296484
DFS,145.99990839999998,17042,23799
DFS_LIM,47.0006466,3355,8837
DFS,636.9881630000001,21073,38412
DFS_LIM,124.00031089999999,34050,36724
DFS,864.9995326999999,223973,152608
DFS_LIM,501.99985499999997,217287,151564
DFS,547.9996204,55229,136799
DFS_LIM,184.0000153,56085,136933
DFS,868.0000305,231217,77676
DFS_LIM,515.0003432999999,231083,77938
DFS,625.0128746,89224,185538
DFS_LIM,267.00043680000005,90828,186038
DFS,739.0007973,149628,264254
DFS_LIM,342.000246,124119,225920
DFS,868.0002689,195117,257690
DFS_LIM,501.99985499999997,194755,236750
DFS,762.0000838999999,154150,227579
DFS_LIM,394.99998089999997,149288,222827
DFS,687.9999637999999,115673,176292
DFS_LIM,323.0001926,113464,170682
DFS,851.000309,238277,39753
DFS_LIM,516.0014629000001,237617,38143
DFS,148.0000019,31831,73483
DFS_LIM,460.0007534,33355,70505
DFS,929.9881458,189907,289653
DFS_LIM,497.99990649999995,189679,285953
DFS,588.9987946,69986,130512
DFS_LIM,252.0010471,83141,140712
DFS,687.0114803,115971,161280
DFS_LIM,320.0008869,117186,149238
DFS,865.9996986,218393,161852
DFS_LIM,506.9999695,218058,160236
DFS,770.0130939,148953,231769
DFS_LIM,396.999836,146092,230443
DFS,854.0005684,180635,306934
DFS_LIM,485.9995842,181805,302070
DFS,874.0010262,230845,110603
DFS_LIM,515.9993172000001,230349,110815
DFS,872.9994297,221430,113423
DFS_LIM,513.0007267,227499,103187
DFS,819.0009593999999,171146,252582
DFS_LIM,459.0013027,171958,250800
DFS,619.0006733,89666,104009
DFS_LIM,254.00090219999998,87279,92463
DFS,810.997963,170670,250526
DFS_LIM,456.0010433,170708,250526
DFS,868.986845,160948,239650
DFS_LIM,431.99992180000004,161000,232942
DFS,794.000864,159654,220724
DFS_LIM,429.9998283,159395,219422
DFS,623.9984035,80421,180835
DFS_LIM,409.9998474,162830,101453
DFS,877.9997826,238915,43928
DFS_LIM,519.0005302000001,238850,43574
DFS,738.0001545,136130,173704
DFS_LIM,378.0007362,136321,173704
DFS,871.9992638,224042,154035
DFS_LIM,509.9999905,223884,153861
DFS,530.9998989,45235,105200
DFS_LIM,170.9990501,49929,108100
DFS,808.0003261999999,233726,67606
DFS_LIM,512.9868984,233670,67708
DFS,844.0001011,227757,105950
DFS_LIM,519.0000534,227377,107756
DFS,872.0009327,210258,172268
DFS_LIM,497.99919129999995,204391,167614
DFS,531.9998264,45335,134045
DFS_LIM,149.9998569,41639,115509
DFS,811.9874001000001,158468,241220
DFS_LIM,409.0127945,155422,232600
DFS,802.0000458,173914,261193
DFS_LIM,464.00070189999997,172534,262009
DFS,430.9997559,19205,54283
DFS_LIM,115.0009632,31789,56033
DFS,882.9870224,238341,42013
DFS_LIM,524.9993801,238240,41693
DFS,745.9998131,135728,184739
DFS_LIM,377.9997826,137992,182851
DFS,810.9996319,159427,266412
DFS_LIM,435.0001812,158262,255976
DFS,856.9996357,230737,121201
DFS_LIM,521.9993591,231486,120265
DFS,122.9996681,20510,22179
DFS_LIM,105.9999466,25744,21923
DFS,893.0146694,216151,140282
DFS_LIM,512.9973888,214254,136690
DFS,50.9998798,3292,9728
DFS_LIM,57.000160199999996,5394,9472
DFS,838.0007744,226685,81773
DFS_LIM,512.0000838999999,226249,81699
DFS,883.9905262,187586,249946
DFS_LIM,506.99925420000005,192525,247440
DFS,638.9989853,92371,175692
DFS_LIM,191.9877529,59526,138184
DFS,576.9991875000001,70187,154100
DFS_LIM,251.00040439999998,81654,169308
DFS,597.9993343,75952,149886
DFS_LIM,244.0030575,82791,144128
DFS,633.9998245,53039,99889
DFS_LIM,185.9996319,54413,101239
DFS,571.000576,60189,145264
DFS_LIM,256.000042,84995,173232
DFS,496.999979,22308,38038
DFS_LIM,129.9996376,36137,45876
DFS,521.0006237,42292,120111
DFS_LIM,498.9984035,230140,19453
DFS,922.9867458,182832,309215
DFS_LIM,494.0006733,182982,305305
DFS,861.0129356,184953,302365
DFS_LIM,481.9989204,183324,291289
DFS,807.0001602,159573,253539
DFS_LIM,437.9999638,161838,244845
DFS,744.0021038,137283,241668
DFS_LIM,328.9999962,117296,207066
DFS,717.9999352000001,125448,164456
DFS_LIM,351.0000706,125180,157744
DFS,789.9994849999999,155899,250318
DFS_LIM,406.99911119999996,152637,244380
DFS,116.0011292,13660,21348
DFS_LIM,386.99913019999997,14490,21186
DFS,886.0011101,238813,87466
DFS_LIM,516.9873238,220260,145744
DFS,889.9991511999999,214072,200092
DFS_LIM,506.0026646,205046,212518
DFS,769.0000534,154334,231686
DFS_LIM,404.9999714,154087,225864
DFS,53.9999008,5423,20414
DFS_LIM,435.0001812,17856,20826
DFS,936.9859695,213069,135237
DFS_LIM,510.0133419,211761,134457
DFS,709.0010642999999,123249,180407
DFS_LIM,345.9866047,124886,181005
DFS,631.9990157999999,91181,176762
DFS_LIM,101.0012627,23170,37546
DFS,889.0001774,239528,24048
DFS_LIM,514.9991511999999,238589,23854
DFS,428.0002117,16671,65401
DFS_LIM,87.00036999999999,18550,65367
DFS,877.0005703,205309,155624
DFS_LIM,503.00002099999995,204247,154172
DFS,874.0003108999999,195006,266577
DFS_LIM,509.00101659999996,199266,266495
DFS,546.0000038000001,48227,141862
DFS_LIM,172.0004082,49012,141622
DFS,836.0002041,183397,303547
DFS_LIM,491.9991493,182852,302867
DFS,884.0010166,217861,119458
DFS_LIM,519.0002918,217717,118682
DFS,763.9999389999999,146440,238674
DFS_LIM,391.0007477,144089,236250
DFS,845.9897040999999,161430,234943
DFS_LIM,481.9996357,160985,230185
DFS,552.0000458,53600,117748
DFS_LIM,137.00008390000002,41801,33236
DFS,829.9999237,167421,229415
DFS_LIM,447.9982853,167602,229163
DFS,634.0010166,84463,167588
DFS_LIM,252.0010471,84127,161102
DFS,892.9991722,205463,159994
DFS_LIM,512.0007992,206178,158256
DFS,610.9991074,77927,151221
DFS_LIM,275.9995461,96540,162027
DFS,824.9981402999999,164196,267715
DFS_LIM,425.0011444,155286,251059
DFS,715.0127888,119336,167756
DFS_LIM,335.9951973,119558,163798
DFS,113.99984359999999,16792,40258
DFS_LIM,476.0129452,34561,43320
DFS,720.9999561,136486,221789
DFS_LIM,375.9999275,139622,220715
DFS,803.9999008,156970,233615
DFS_LIM,434.002161,160470,210403
DFS,876.999855,210808,165452
DFS_LIM,505.98740580000003,210898,148494
DFS,671.9992161,101300,212985
DFS_LIM,296.00071909999997,101408,209579
DFS,876.0011196,208891,157165
DFS_LIM,510.0007057,209671,154493
DFS,703.9985657,117806,158975
DFS_LIM,322.0009804,116169,145525
DFS,602.9999256000001,45936,82250
DFS_LIM,168.00069810000002,48174,83942
DFS,874.0003108999999,191879,237621
DFS_LIM,492.000103,191528,235609
DFS,566.9996738000001,59747,72255
DFS_LIM,196.0003376,60509,71899
DFS,611.0002995,74836,142797
DFS_LIM,239.9997711,82241,143265
DFS,867.9995537000001,196585,223766
DFS_LIM,487.000227,193553,218112
DFS,123.99935719999999,20587,71028
DFS_LIM,98.9992619,21777,70984
DFS,763.9994621000001,143598,199033
DFS_LIM,392.0052052,143708,195575
DFS,773.9999293999999,144000,218457
DFS_LIM,398.9999294,142595,214347
DFS,567.9979324,62240,124046
DFS_LIM,168.0011749,54671,65770
DFS,475.0010967,34287,65314
DFS_LIM,138.0000114,36304,63206
DFS,705.000639,118546,241630
DFS_LIM,338.000536,122415,240048
