Algorithm_name,Execution Time (s),Searched Cells,Total Path Cost
A*,0.0019996166,236,51
BA*,0.0030021667,382,51
EBA*,0.0019984245,287,51
DIJKSTRA,0.0019991398,705,51
DFS_NORMAL,0.0020008087,794,1119
DFS_LIM,0.000998497,677,541
BFS,0.0020003319,823,51
A*,0.001999855,74,34
BA*,0.0030014515,108,34
EBA*,0.001999855,97,34
DIJKSTRA,0.0020012856,434,34
DFS_NORMAL,0.0,201,528
DFS_LIM,0.0009994507,259,532
BFS,0.0010023117,455,34
A*,0.0020005703,545,72
BA*,0.0029988289,386,72
EBA*,0.0030004978,376,72
DIJKSTRA,0.0019962788,804,72
DFS_NORMAL,0.0,157,110
DFS_LIM,0.0,219,198
BFS,0.0020005703,857,306
A*,0.0029988289,719,80
BA*,0.0020000935,332,80
EBA*,0.0029995441,473,92
DIJKSTRA,0.0020022392,875,80
DFS_NORMAL,0.0010008812,647,666
DFS_LIM,0.001001358,652,596
BFS,0.0009999275,760,132
A*,0.0039978027,798,88
BA*,0.0019979477,78,88
EBA*,0.0020000935,75,88
DIJKSTRA,0.0030012131,902,88
DFS_NORMAL,0.0010018349,690,732
DFS_LIM,0.0009996891,558,554
BFS,0.0010001659,497,88
A*,0.0020000935,367,58
BA*,0.0019993782,246,58
EBA*,0.0020003319,289,58
DIJKSTRA,0.0020000935,751,58
DFS_NORMAL,0.001999855,835,582
DFS_LIM,0.0020000935,815,1268
BFS,0.0009982586,869,80
A*,0.000998497,304,56
BA*,0.003002882,460,56
EBA*,0.0029976368,535,64
DIJKSTRA,0.0020012856,599,56
DFS_NORMAL,0.0,106,142
DFS_LIM,0.0,172,156
BFS,0.0010004044,603,90
A*,0.0029990673,606,75
BA*,0.0030002594,438,75
EBA*,0.0030045509,405,75
DIJKSTRA,0.0020000935,833,75
DFS_NORMAL,0.0,208,223
DFS_LIM,0.0009987354,467,599
BFS,0.0009992123,837,89
A*,0.0009982586,154,57
BA*,0.0019996166,207,59
EBA*,0.0020000935,203,59
DIJKSTRA,0.0020027161,508,57
DFS_NORMAL,0.001996994,524,891
DFS_LIM,0.0020017624,539,681
BFS,0.0010006428,587,57
A*,0.001001358,105,49
BA*,0.0020000935,152,49
EBA*,0.0020000935,271,49
DIJKSTRA,0.0020010471,745,49
DFS_NORMAL,0.0009982586,505,811
DFS_LIM,0.0010004044,414,719
BFS,0.0009977818,868,63
A*,0.0019996166,218,57
BA*,0.002001524,283,57
EBA*,0.0029995441,357,57
DIJKSTRA,0.002001524,559,57
DFS_NORMAL,0.0,194,181
DFS_LIM,0.0009989738,453,299
BFS,0.0009999275,715,57
A*,0.0010001659,53,31
BA*,0.0020012856,88,31
EBA*,0.0020012856,77,31
DIJKSTRA,0.0020003319,453,31
DFS_NORMAL,0.0009992123,622,1167
DFS_LIM,0.0010001659,701,927
BFS,0.0010015965,625,31
A*,0.0020000935,303,61
BA*,0.001999855,172,61
EBA*,0.0019984245,299,61
DIJKSTRA,0.0021288395,741,61
DFS_NORMAL,0.0019996166,675,685
DFS_LIM,0.0009965897,679,633
BFS,0.0020008087,817,61
A*,0.0020008087,332,66
BA*,0.0019996166,380,68
EBA*,0.0029988289,305,68
DIJKSTRA,0.0019991398,768,66
DFS_NORMAL,0.0020010471,678,872
DFS_LIM,0.0010008812,618,332
BFS,0.0009999275,804,296
A*,0.0009989738,163,59
BA*,0.0020003319,215,61
EBA*,0.0030019283,317,59
DIJKSTRA,0.0020003319,779,59
DFS_NORMAL,0.0,150,195
DFS_LIM,0.0019993782,873,255
BFS,0.001001358,875,401
A*,0.0030004978,465,93
BA*,0.0039999485,238,95
EBA*,0.0030016899,244,95
DIJKSTRA,0.0029983521,784,93
DFS_NORMAL,0.0010018349,244,789
DFS_LIM,0.0009999275,322,685
BFS,0.0010020733,434,93
A*,0.0009987354,114,58
BA*,0.0030012131,152,58
EBA*,0.0030012131,190,58
DIJKSTRA,0.0029985905,772,58
DFS_NORMAL,0.0020003319,725,1240
DFS_LIM,0.0019965172,781,834
BFS,0.0019996166,830,372
A*,0.00299716,658,70
BA*,0.0020005703,318,72
EBA*,0.0029988289,421,78
DIJKSTRA,0.001999855,833,70
DFS_NORMAL,0.0,212,226
DFS_LIM,0.0009994507,274,100
BFS,0.0019981861,903,70
A*,0.0010006428,102,36
BA*,0.0020020008,85,36
EBA*,0.0019979477,83,36
DIJKSTRA,0.0010032654,334,36
DFS_NORMAL,0.0010027885,303,614
DFS_LIM,0.0010006428,877,648
BFS,0.001003027,549,36
A*,0.0009999275,28,20
BA*,0.0020022392,46,20
EBA*,0.0019986629,41,20
DIJKSTRA,0.0010027885,177,20
DFS_NORMAL,0.0009996891,100,202
DFS_LIM,0.0010001659,192,168
BFS,0.0009999275,211,20
A*,0.0020027161,344,62
BA*,0.0029993057,429,62
EBA*,0.0030007362,519,62
DIJKSTRA,0.0020000935,704,62
DFS_NORMAL,0.0010027885,587,536
DFS_LIM,0.0010035038,626,538
BFS,0.001001358,840,62
A*,0.0029997826,573,75
BA*,0.0019986629,318,75
EBA*,0.0020020008,340,75
DIJKSTRA,0.0020010471,687,75
DFS_NORMAL,0.0020005703,890,199
DFS_LIM,0.0020017624,897,201
BFS,0.0010025501,710,105
A*,0.0009996891,200,54
BA*,0.0020005703,202,54
EBA*,0.0020010471,291,54
DIJKSTRA,0.0019979477,569,54
DFS_NORMAL,0.0020008087,498,1042
DFS_LIM,0.0019989014,613,1068
BFS,0.0020003319,679,54
A*,0.001999855,488,67
BA*,0.0019981861,122,67
EBA*,0.0020022392,129,67
DIJKSTRA,0.0029976368,798,67
DFS_NORMAL,0.0020034313,665,919
DFS_LIM,0.0010011196,771,837
BFS,0.0010032654,677,67
A*,0.002004385,191,50
BA*,0.002995491,310,50
EBA*,0.0019996166,270,50
DIJKSTRA,0.0010035038,531,50
DFS_NORMAL,0.0010006428,773,356
DFS_LIM,0.0019984245,728,88
BFS,0.0010015965,506,98
A*,0.0010051727,289,65
BA*,0.0020003319,208,65
EBA*,0.0029995441,295,65
DIJKSTRA,0.0019989014,742,65
DFS_NORMAL,0.0,87,201
DFS_LIM,0.0009994507,159,103
BFS,0.0020000935,859,119
A*,0.0019986629,243,44
BA*,0.0020005703,188,48
EBA*,0.0020000935,189,48
DIJKSTRA,0.0020003319,552,44
DFS_NORMAL,0.0010020733,248,646
DFS_LIM,0.0010001659,490,52
BFS,0.001003027,637,44
A*,0.0030002594,640,87
BA*,0.0030002594,502,89
EBA*,0.003000021,509,89
DIJKSTRA,0.002001524,744,87
DFS_NORMAL,0.0,303,701
DFS_LIM,0.0019977093,898,311
BFS,0.001003027,620,275
A*,0.0009999275,217,47
BA*,0.0020022392,264,49
EBA*,0.0019981861,202,49
DIJKSTRA,0.002001524,589,47
DFS_NORMAL,0.0010023117,249,159
DFS_LIM,0.0009999275,310,273
BFS,0.001003027,492,63
A*,0.003000021,590,97
BA*,0.0040018559,444,99
EBA*,0.0040006638,561,97
DIJKSTRA,0.001999855,773,97
DFS_NORMAL,0.0010011196,245,751
DFS_LIM,0.0019996166,737,755
BFS,0.0010006428,883,483
A*,0.0009994507,178,52
BA*,0.0019989014,196,52
EBA*,0.0020000935,182,52
DIJKSTRA,0.0010015965,370,52
DFS_NORMAL,0.001003027,513,440
DFS_LIM,0.0010023117,428,180
BFS,0.0010011196,399,114
A*,0.0009973049,129,47
BA*,0.0019981861,168,47
EBA*,0.0030033588,162,47
DIJKSTRA,0.0019977093,525,47
DFS_NORMAL,0.0,146,619
DFS_LIM,0.0010004044,196,649
BFS,0.0019996166,691,283
A*,0.0020008087,282,86
BA*,0.0019981861,245,90
EBA*,0.0029997826,270,90
DIJKSTRA,0.0029993057,819,86
DFS_NORMAL,0.0010006428,871,276
DFS_LIM,0.0010020733,559,174
BFS,0.0010018349,806,366
A*,0.0029993057,856,102
BA*,0.0019996166,152,102
EBA*,0.0019953251,213,102
DIJKSTRA,0.0020020008,902,102
DFS_NORMAL,0.0010027885,460,646
DFS_LIM,0.001003027,514,446
BFS,0.001996994,738,102
A*,0.0020003319,167,42
BA*,0.0029993057,179,44
EBA*,0.003000021,252,44
DIJKSTRA,0.0020024776,544,42
DFS_NORMAL,0.0010042191,617,550
DFS_LIM,0.0010027885,747,572
BFS,0.001003027,634,42
A*,0.0009987354,269,60
BA*,0.0020005703,217,60
EBA*,0.003000021,371,60
DIJKSTRA,0.0019993782,699,60
DFS_NORMAL,0.0020034313,783,778
DFS_LIM,0.0010011196,783,770
BFS,0.0010032654,797,60
A*,0.001994133,485,69
BA*,0.0020000935,217,71
EBA*,0.0029997826,274,71
DIJKSTRA,0.0030004978,805,69
DFS_NORMAL,0.0010032654,327,371
DFS_LIM,0.0009973049,498,369
BFS,0.001003027,875,69
A*,0.0020051003,268,59
BA*,0.0019993782,305,61
EBA*,0.0029993057,301,59
DIJKSTRA,0.0030004978,798,59
DFS_NORMAL,0.0010032654,348,455
DFS_LIM,0.0010025501,334,137
BFS,0.0019974709,854,357
A*,0.0039999485,820,112
BA*,0.0040025711,583,124
EBA*,0.0039973259,615,124
DIJKSTRA,0.003000021,873,112
DFS_NORMAL,0.0,274,496
DFS_LIM,0.0009999275,692,496
BFS,0.0009987354,827,136
A*,0.0009989738,114,39
BA*,0.0020005703,119,39
EBA*,0.0019977093,136,39
DIJKSTRA,0.0020003319,457,39
DFS_NORMAL,0.001999855,694,993
DFS_LIM,0.0010008812,642,595
BFS,0.0010004044,624,39
A*,0.001999855,439,71
BA*,0.003000021,442,71
EBA*,0.0030009747,524,71
DIJKSTRA,0.0029981136,831,71
DFS_NORMAL,0.0,204,435
DFS_LIM,0.0009989738,439,473
BFS,0.0019974709,733,115
A*,0.0010001659,126,51
BA*,0.0020036697,207,51
EBA*,0.0019977093,282,51
DIJKSTRA,0.0020000935,595,51
DFS_NORMAL,0.0009977818,443,329
DFS_LIM,0.001001358,523,207
BFS,0.0010032654,697,51
A*,0.0019986629,547,74
BA*,0.0029976368,443,80
EBA*,0.0029997826,330,74
DIJKSTRA,0.003000021,803,74
DFS_NORMAL,0.0010023117,511,820
DFS_LIM,0.0010001659,590,578
BFS,0.0020008087,835,278
A*,0.0009982586,104,43
BA*,0.0020048618,170,43
EBA*,0.0019977093,134,43
DIJKSTRA,0.0020010471,577,43
DFS_NORMAL,0.0009996891,293,641
DFS_LIM,0.0019979477,764,561
BFS,0.0010001659,679,43
A*,0.0009996891,153,47
BA*,0.0019996166,136,49
EBA*,0.003000021,177,47
DIJKSTRA,0.0020010471,628,47
DFS_NORMAL,0.0010023117,706,475
DFS_LIM,0.0019986629,739,401
BFS,0.001999855,690,51
A*,0.0029995441,901,119
BA*,0.0029988289,442,123
EBA*,0.0030002594,416,119
DIJKSTRA,0.003000021,903,119
DFS_NORMAL,0.001001358,433,691
DFS_LIM,0.0010004044,448,511
BFS,0.0010025501,674,139
A*,0.0030012131,865,126
BA*,0.0029976368,497,128
EBA*,0.0049989223,524,126
DIJKSTRA,0.0029993057,894,126
DFS_NORMAL,0.0,220,648
DFS_LIM,0.0009989738,574,666
BFS,0.0010015965,699,338
A*,0.0020005703,113,51
BA*,0.0019989014,181,51
EBA*,0.0019984245,223,51
DIJKSTRA,0.0020005703,537,51
DFS_NORMAL,0.0009982586,492,495
DFS_LIM,0.0019991398,662,361
BFS,0.0010001659,577,103
A*,0.0010001659,170,40
BA*,0.0019979477,205,40
EBA*,0.0019996166,175,40
DIJKSTRA,0.001999855,692,40
DFS_NORMAL,0.0010027885,522,436
DFS_LIM,0.0,295,66
BFS,0.0009992123,753,40
A*,0.0020000935,224,55
BA*,0.0020000935,385,55
EBA*,0.0029993057,382,55
DIJKSTRA,0.0020000935,601,55
DFS_NORMAL,0.001001358,353,643
DFS_LIM,0.0009970665,598,731
BFS,0.0010020733,536,91
A*,0.0010004044,160,48
BA*,0.0019996166,237,48
EBA*,0.002001524,199,48
DIJKSTRA,0.0019979477,493,48
DFS_NORMAL,0.0010011196,322,386
DFS_LIM,0.0019993782,793,466
BFS,0.0019996166,528,52
A*,0.0010004044,135,49
BA*,0.0029993057,190,49
EBA*,0.0030021667,197,49
DIJKSTRA,0.0019979477,463,49
DFS_NORMAL,0.0010037422,251,327
DFS_LIM,0.0010027885,385,133
BFS,0.0010001659,445,57
A*,0.0009989738,164,50
BA*,0.0029973984,186,50
EBA*,0.0020003319,191,50
DIJKSTRA,0.0020017624,577,50
DFS_NORMAL,0.001003027,710,684
DFS_LIM,0.0010025501,765,700
BFS,0.0010018349,660,78
A*,0.0010004044,166,40
BA*,0.0020022392,136,40
EBA*,0.0019977093,138,40
DIJKSTRA,0.0010027885,578,40
DFS_NORMAL,0.0010023117,444,912
DFS_LIM,0.001001358,441,224
BFS,0.0,476,60
A*,0.0009980202,190,38
BA*,0.0020003319,113,44
EBA*,0.001999855,118,44
DIJKSTRA,0.001003027,420,38
DFS_NORMAL,0.002001524,854,434
DFS_LIM,0.0019984245,892,296
BFS,0.0010035038,512,38
A*,0.0010051727,72,46
BA*,0.0019977093,122,46
EBA*,0.001999855,200,46
DIJKSTRA,0.001999855,508,46
DFS_NORMAL,0.001003027,687,818
DFS_LIM,0.0010035038,580,492
BFS,0.0,368,54
A*,0.0010004044,132,102
BA*,0.0020000935,187,102
EBA*,0.0020000935,175,102
DIJKSTRA,0.0019962788,660,102
DFS_NORMAL,0.0,99,362
DFS_LIM,0.0,135,194
BFS,0.0010001659,604,108
A*,0.0009996891,146,69
BA*,0.0020027161,226,69
EBA*,0.0019993782,205,69
DIJKSTRA,0.0020008087,596,69
DFS_NORMAL,0.0019996166,570,939
DFS_LIM,0.0020017624,609,639
BFS,0.0020005703,652,69
A*,0.0020000935,440,64
BA*,0.003000021,312,64
EBA*,0.0020003319,298,64
DIJKSTRA,0.0020000935,753,64
DFS_NORMAL,0.0,196,386
DFS_LIM,0.0009996891,333,448
BFS,0.0019974709,834,344
A*,0.0029964447,728,92
BA*,0.003000021,298,96
EBA*,0.0029993057,351,96
DIJKSTRA,0.0020010471,868,92
DFS_NORMAL,0.0,157,258
DFS_LIM,0.0009987354,276,302
BFS,0.001999855,849,394
A*,0.0009999275,64,37
BA*,0.0020000935,92,37
EBA*,0.0020010471,113,37
DIJKSTRA,0.001001358,472,37
DFS_NORMAL,0.002004385,721,907
DFS_LIM,0.0009977818,660,689
BFS,0.0009980202,549,37
A*,0.0019986629,135,47
BA*,0.0029997826,221,47
EBA*,0.0019993782,239,47
DIJKSTRA,0.0010018349,454,47
DFS_NORMAL,0.0,82,71
DFS_LIM,0.0009994507,224,71
BFS,0.0019996166,622,47
A*,0.0020012856,636,84
BA*,0.0029995441,210,84
EBA*,0.0030019283,257,84
DIJKSTRA,0.0030002594,847,84
DFS_NORMAL,0.0020005703,676,990
DFS_LIM,0.0010006428,675,294
BFS,0.0019974709,844,102
A*,0.0020000935,163,42
BA*,0.0030016899,221,42
EBA*,0.0020012856,197,42
DIJKSTRA,0.0010018349,427,42
DFS_NORMAL,0.001003027,438,902
DFS_LIM,0.0010004044,564,180
BFS,0.0010004044,429,66
A*,0.0020000935,466,71
BA*,0.0030002594,491,79
EBA*,0.0029997826,523,71
DIJKSTRA,0.0020020008,734,71
DFS_NORMAL,0.0010004044,477,821
DFS_LIM,0.0010032654,541,741
BFS,0.001996994,843,71
A*,0.001001358,229,50
BA*,0.0020024776,249,58
EBA*,0.0020022392,242,50
DIJKSTRA,0.0019984245,623,50
DFS_NORMAL,0.0010027885,416,688
DFS_LIM,0.0009996891,513,676
BFS,0.0010023117,719,286
A*,0.0019981861,102,32
BA*,0.0020003319,130,34
EBA*,0.0020000935,141,34
DIJKSTRA,0.001003027,400,32
DFS_NORMAL,0.0010008812,423,798
DFS_LIM,0.000998497,664,768
BFS,0.0,497,32
A*,0.0030024052,494,76
BA*,0.0029973984,481,78
EBA*,0.0030004978,518,76
DIJKSTRA,0.0020005703,839,76
DFS_NORMAL,0.001003027,641,1080
DFS_LIM,0.0020017624,798,1026
BFS,0.0019989014,873,110
A*,0.0020031929,530,85
BA*,0.0029988289,345,85
EBA*,0.003000021,492,85
DIJKSTRA,0.0019989014,877,85
DFS_NORMAL,0.0020017624,731,1141
DFS_LIM,0.0020005703,658,297
BFS,0.0019979477,883,181
A*,0.0020000935,112,40
BA*,0.0030002594,152,42
EBA*,0.0020005703,108,40
DIJKSTRA,0.0009996891,325,40
DFS_NORMAL,0.0010025501,804,550
DFS_LIM,0.000998497,323,106
BFS,0.0,430,40
A*,0.0020005703,440,72
BA*,0.0029997826,337,72
EBA*,0.0030014515,309,72
DIJKSTRA,0.0029988289,736,72
DFS_NORMAL,0.0010027885,344,630
DFS_LIM,0.0010018349,743,686
BFS,0.0010015965,693,118
A*,0.0030007362,583,73
BA*,0.003000021,399,81
EBA*,0.0030012131,389,73
DIJKSTRA,0.0020027161,770,73
DFS_NORMAL,0.0010035038,568,573
DFS_LIM,0.0010004044,641,365
BFS,0.0010027885,579,95
A*,0.0009982586,142,61
BA*,0.0020000935,224,61
EBA*,0.0020010471,433,61
DIJKSTRA,0.0020008087,680,61
DFS_NORMAL,0.0020005703,738,789
DFS_LIM,0.0019991398,763,663
BFS,0.0010025501,747,83
A*,0.0009994507,202,46
BA*,0.0019984245,208,46
EBA*,0.0019996166,153,48
DIJKSTRA,0.0020027161,558,46
DFS_NORMAL,0.0,86,156
DFS_LIM,0.0,109,152
BFS,0.0009999275,688,46
A*,0.0019996166,518,61
BA*,0.0020005703,403,61
EBA*,0.0030016899,461,61
DIJKSTRA,0.0019977093,843,61
DFS_NORMAL,0.0010023117,767,485
DFS_LIM,0.0010025501,662,337
BFS,0.001001358,714,187
A*,0.0030014515,594,76
BA*,0.0029985905,385,76
EBA*,0.0030004978,429,76
DIJKSTRA,0.0029993057,806,76
DFS_NORMAL,0.0010027885,365,436
DFS_LIM,0.001003027,603,668
BFS,0.0010015965,853,318
A*,0.0010004044,195,60
BA*,0.003000021,281,60
EBA*,0.003000021,348,64
DIJKSTRA,0.0020003319,733,60
DFS_NORMAL,0.0020024776,894,178
DFS_LIM,0.0009994507,873,202
BFS,0.0019989014,855,60
A*,0.0039989948,857,81
BA*,0.0020022392,77,81
EBA*,0.0019996166,88,81
DIJKSTRA,0.003000021,903,81
DFS_NORMAL,0.0009982586,408,531
DFS_LIM,0.0010006428,561,637
BFS,0.0009992123,390,175
A*,0.0010008812,69,31
BA*,0.0020008087,97,31
EBA*,0.0020046234,82,31
DIJKSTRA,0.0009975433,255,31
DFS_NORMAL,0.0009987354,524,787
DFS_LIM,0.0009999275,453,459
BFS,0.0010004044,267,31
A*,0.0019991398,326,68
BA*,0.0099999905,462,68
EBA*,0.003000021,411,68
DIJKSTRA,0.0030026436,749,68
DFS_NORMAL,0.0019967556,854,324
DFS_LIM,0.0029988289,889,236
BFS,0.0019979477,787,158
A*,0.0020000935,141,54
BA*,0.0019993782,201,56
EBA*,0.0020008087,168,56
DIJKSTRA,0.0019974709,349,54
DFS_NORMAL,0.0020000935,675,758
DFS_LIM,0.0010039806,413,272
BFS,0.001001358,439,54
A*,0.002001524,352,74
BA*,0.0019984245,378,76
EBA*,0.003000021,372,74
DIJKSTRA,0.0030004978,847,74
DFS_NORMAL,0.0009999275,666,1080
DFS_LIM,0.0010008812,671,1040
BFS,0.0010004044,903,92
A*,0.0020008087,236,65
BA*,0.0029988289,238,67
EBA*,0.0029990673,284,67
DIJKSTRA,0.0019962788,701,65
DFS_NORMAL,0.0010027885,136,173
DFS_LIM,0.0010004044,226,139
BFS,0.0010001659,874,65
A*,0.0010027885,68,46
BA*,0.0019993782,106,46
EBA*,0.0020020008,175,46
DIJKSTRA,0.0020000935,526,46
DFS_NORMAL,0.0,176,256
DFS_LIM,0.0009992123,450,562
BFS,0.0020008087,737,46
A*,0.000998497,124,44
BA*,0.0019996166,146,44
EBA*,0.0020024776,177,44
DIJKSTRA,0.0029978752,746,44
DFS_NORMAL,0.001001358,405,962
DFS_LIM,0.0010004044,690,928
BFS,0.0020003319,832,398
A*,0.0029997826,722,91
BA*,0.0040018559,680,117
EBA*,0.0039982796,611,107
DIJKSTRA,0.003002882,872,91
DFS_NORMAL,0.0019979477,859,689
DFS_LIM,0.001001358,465,129
BFS,0.0020005703,866,141
A*,0.0020024776,454,66
BA*,0.0020005703,249,66
EBA*,0.0030007362,320,66
DIJKSTRA,0.0019996166,755,66
DFS_NORMAL,0.0010018349,355,658
DFS_LIM,0.0010008812,560,708
BFS,0.0010018349,795,102
A*,0.0009980202,152,39
BA*,0.002001524,140,39
EBA*,0.0019986629,135,41
DIJKSTRA,0.0019977093,698,39
DFS_NORMAL,0.0010020733,625,1001
DFS_LIM,0.0010004044,639,283
BFS,0.0010023117,678,39
A*,0.0009989738,140,41
BA*,0.0020005703,175,41
EBA*,0.002001524,190,41
DIJKSTRA,0.0010004044,490,41
DFS_NORMAL,0.0019989014,884,273
DFS_LIM,0.0020000935,700,267
BFS,0.0020003319,730,41
A*,0.0029978752,652,85
BA*,0.0029995441,671,85
EBA*,0.003000021,503,85
DIJKSTRA,0.0020024776,849,85
DFS_NORMAL,0.0,191,475
DFS_LIM,0.0010011196,248,363
BFS,0.001996994,840,161
A*,0.001001358,159,45
BA*,0.0019979477,145,45
EBA*,0.0019981861,148,45
DIJKSTRA,0.0020012856,603,45
DFS_NORMAL,0.0009989738,211,697
DFS_LIM,0.0010020733,699,781
BFS,0.0010015965,672,59
A*,0.0020000935,450,67
BA*,0.0030012131,521,75
EBA*,0.0029990673,464,75
DIJKSTRA,0.0020029545,737,67
DFS_NORMAL,0.001003027,507,811
DFS_LIM,0.0010006428,841,775
BFS,0.0009982586,726,115
A*,0.0039975643,904,310
BA*,0.0030012131,330,320
EBA*,0.0019993782,383,318
DIJKSTRA,0.0029990673,904,310
DFS_NORMAL,0.0010006428,530,724
DFS_LIM,0.0010039806,494,398
BFS,0.001999855,905,392
A*,0.001996994,694,81
BA*,0.0029988289,230,89
EBA*,0.0019962788,284,89
DIJKSTRA,0.0020024776,867,81
DFS_NORMAL,0.0010015965,214,533
DFS_LIM,0.0019981861,758,193
BFS,0.0009975433,815,105
A*,0.0020010471,462,74
BA*,0.0040018559,640,78
EBA*,0.0029993057,666,74
DIJKSTRA,0.003000021,851,74
DFS_NORMAL,0.0020020008,878,596
DFS_LIM,0.0020000935,853,658
BFS,0.0019972324,836,84
A*,0.0019996166,134,54
BA*,0.0030026436,204,54
EBA*,0.0020017624,333,54
DIJKSTRA,0.0020022392,600,54
DFS_NORMAL,0.0010011196,833,182
DFS_LIM,0.0009996891,424,684
BFS,0.001001358,759,54
A*,0.0019967556,180,71
BA*,0.0030002594,242,71
EBA*,0.0029997826,292,71
DIJKSTRA,0.0030009747,737,71
DFS_NORMAL,0.0010001659,318,233
DFS_LIM,0.0,367,105
BFS,0.0019991398,817,109
A*,0.0009994507,197,43
BA*,0.0030031204,305,43
EBA*,0.003000021,278,43
DIJKSTRA,0.0029988289,704,43
DFS_NORMAL,0.0010011196,536,1039
DFS_LIM,0.0019991398,739,507
BFS,0.0020024776,778,43
A*,0.0019986629,315,83
BA*,0.0020003319,368,87
EBA*,0.0029997826,361,87
DIJKSTRA,0.003000021,816,83
DFS_NORMAL,0.0010015965,311,417
DFS_LIM,0.0010011196,414,235
BFS,0.0019977093,873,121
A*,0.0009989738,304,56
BA*,0.0029985905,383,60
EBA*,0.0029997826,345,60
DIJKSTRA,0.0020008087,622,56
DFS_NORMAL,0.001003027,605,178
DFS_LIM,0.0009994507,482,132
BFS,0.0010004044,730,122
A*,0.0010023117,124,60
BA*,0.001999855,163,64
EBA*,0.0020010471,208,64
DIJKSTRA,0.0019989014,751,60
DFS_NORMAL,0.0,204,272
DFS_LIM,0.0009996891,497,380
BFS,0.0010008812,812,346
A*,0.0019993782,468,59
BA*,0.0020000935,192,59
EBA*,0.001999855,182,59
DIJKSTRA,0.0020000935,822,59
DFS_NORMAL,0.0,136,147
DFS_LIM,0.0010011196,247,257
BFS,0.0009982586,547,199
A*,0.0040025711,869,114
BA*,0.0029973984,267,114
EBA*,0.0030026436,318,114
DIJKSTRA,0.0019996166,899,114
DFS_NORMAL,0.0010011196,458,488
DFS_LIM,0.0010018349,615,502
BFS,0.0010008812,634,178
A*,0.0020003319,494,74
BA*,0.0030004978,454,74
EBA*,0.0029997826,555,74
DIJKSTRA,0.0019965172,843,74
DFS_NORMAL,0.0010027885,751,672
DFS_LIM,0.0010006428,636,618
BFS,0.0009994507,745,86
A*,0.0009999275,315,61
BA*,0.0029995441,359,61
EBA*,0.00299716,368,61
DIJKSTRA,0.0019996166,754,61
DFS_NORMAL,0.000998497,346,403
DFS_LIM,0.001001358,414,119
BFS,0.0010011196,766,115
A*,0.0009996891,75,33
BA*,0.0020027161,84,33
EBA*,0.0020008087,96,33
DIJKSTRA,0.0020010471,461,33
DFS_NORMAL,0.0010018349,456,661
DFS_LIM,0.0010015965,536,597
BFS,0.0010018349,559,33
A*,0.0010004044,201,58
BA*,0.0020024776,199,62
EBA*,0.0020003319,208,58
DIJKSTRA,0.0010011196,474,58
DFS_NORMAL,0.0010008812,285,718
DFS_LIM,0.0010011196,342,680
BFS,0.0009992123,685,58
A*,0.001996994,511,74
BA*,0.0030009747,415,78
EBA*,0.0029993057,356,78
DIJKSTRA,0.0019986629,806,74
DFS_NORMAL,0.0009999275,244,528
DFS_LIM,0.0009989738,500,104
BFS,0.0020005703,690,90
A*,0.0009996891,100,37
BA*,0.0030014515,101,37
EBA*,0.0019981861,106,37
DIJKSTRA,0.0019996166,525,37
DFS_NORMAL,0.001001358,734,939
DFS_LIM,0.0020017624,737,851
BFS,0.0009982586,568,37
A*,0.0019989014,335,50
BA*,0.003000021,208,54
EBA*,0.0019991398,269,50
DIJKSTRA,0.0019996166,729,50
DFS_NORMAL,0.0019996166,778,854
DFS_LIM,0.0010061264,500,52
BFS,0.0070025921,792,50
A*,0.0029981136,364,57
BA*,0.0039997101,331,57
EBA*,0.0040009022,340,57
DIJKSTRA,0.0029995441,765,57
DFS_NORMAL,0.0010023117,115,233
DFS_LIM,0.0,176,269
BFS,0.0029973984,735,185
A*,0.0030007362,759,90
BA*,0.0020005703,130,90
EBA*,0.0019984245,159,90
DIJKSTRA,0.0019984245,882,90
DFS_NORMAL,0.0010015965,864,798
DFS_LIM,0.0020003319,868,672
BFS,0.0,465,158
A*,0.001999855,395,65
BA*,0.0029997826,240,65
EBA*,0.0030024052,307,65
DIJKSTRA,0.0020003319,644,65
DFS_NORMAL,0.0010027885,186,359
DFS_LIM,0.0009992123,338,329
BFS,0.0010004044,740,83
A*,0.001001358,71,38
BA*,0.0019981861,102,38
EBA*,0.0020005703,96,38
DIJKSTRA,0.0019993782,686,38
DFS_NORMAL,0.0010020733,502,520
DFS_LIM,0.001001358,541,134
BFS,0.0010032654,731,38
A*,0.0010008812,200,56
BA*,0.0020000935,204,56
EBA*,0.0020024776,259,56
DIJKSTRA,0.0020005703,794,56
DFS_NORMAL,0.0010004044,264,270
DFS_LIM,0.0019986629,585,290
BFS,0.0020003319,741,98
A*,0.0009996891,60,46
BA*,0.0010032654,102,46
EBA*,0.0019979477,111,46
DIJKSTRA,0.0010015965,347,46
DFS_NORMAL,0.0010011196,410,276
DFS_LIM,0.0009996891,399,140
BFS,0.0010004044,548,46
A*,0.0019989014,618,79
BA*,0.0029997826,434,87
EBA*,0.0019981861,388,87
DIJKSTRA,0.0020000935,863,79
DFS_NORMAL,0.001001358,234,283
DFS_LIM,0.0010015965,424,649
BFS,0.000998497,828,141
A*,0.0019984245,99,35
BA*,0.0020010471,104,35
EBA*,0.002001524,94,35
DIJKSTRA,0.0009973049,379,35
DFS_NORMAL,0.0010001659,275,669
DFS_LIM,0.0010001659,890,173
BFS,0.0009999275,478,35
A*,0.0020003319,339,53
BA*,0.003000021,317,53
EBA*,0.0039982796,315,55
DIJKSTRA,0.0029995441,659,53
DFS_NORMAL,0.0010006428,331,487
DFS_LIM,0.0009975433,336,141
BFS,0.0020010471,739,53
A*,0.0010004044,113,48
BA*,0.0020017624,131,48
EBA*,0.0019986629,267,48
DIJKSTRA,0.003000021,675,48
DFS_NORMAL,0.0009992123,671,546
DFS_LIM,0.0,267,230
BFS,0.0009994507,758,48
A*,0.0010001659,180,61
BA*,0.0019991398,267,61
EBA*,0.0030009747,272,61
DIJKSTRA,0.0020000935,491,61
DFS_NORMAL,0.0010004044,576,843
DFS_LIM,0.0010001659,484,727
BFS,0.001003027,660,99
A*,0.0009996891,249,55
BA*,0.0030026436,315,55
EBA*,0.0029978752,250,55
DIJKSTRA,0.003002882,722,55
DFS_NORMAL,0.0019979477,540,621
DFS_LIM,0.0020008087,613,807
BFS,0.0020000935,830,67
A*,0.0029983521,686,86
BA*,0.0030007362,514,86
EBA*,0.0030026436,535,92
DIJKSTRA,0.0020012856,761,86
DFS_NORMAL,0.0010001659,212,546
DFS_LIM,0.001001358,710,392
BFS,0.0009992123,772,290
A*,0.0009996891,128,42
BA*,0.0019986629,202,42
EBA*,0.0030004978,203,42
DIJKSTRA,0.0020000935,460,42
DFS_NORMAL,0.0010037422,450,834
DFS_LIM,0.0019984245,568,704
BFS,0.0020003319,622,42
A*,0.0009982586,298,51
BA*,0.0029985905,199,53
EBA*,0.003002882,249,51
DIJKSTRA,0.0019996166,631,51
DFS_NORMAL,0.0,262,599
DFS_LIM,0.0010015965,294,469
BFS,0.0019958019,785,51
A*,0.0010006428,52,35
BA*,0.0019967556,88,35
EBA*,0.0019986629,157,35
DIJKSTRA,0.001999855,394,35
DFS_NORMAL,0.0020020008,610,1061
DFS_LIM,0.0019981861,672,891
BFS,0.001003027,474,35
A*,0.0029988289,541,70
BA*,0.0030024052,505,70
EBA*,0.0029962063,540,102
DIJKSTRA,0.002001524,770,70
DFS_NORMAL,0.0010011196,309,320
DFS_LIM,0.0010018349,410,334
BFS,0.0010011196,690,406
A*,0.001999855,199,56
BA*,0.001999855,266,56
EBA*,0.0019984245,326,56
DIJKSTRA,0.0030004978,775,56
DFS_NORMAL,0.0010001659,689,386
DFS_LIM,0.0010039806,561,678
BFS,0.0019984245,846,56
A*,0.0010006428,133,75
BA*,0.001999855,141,75
EBA*,0.0020010471,174,75
DIJKSTRA,0.001996994,704,75
DFS_NORMAL,0.0020017624,842,653
DFS_LIM,0.0019996166,811,563
BFS,0.0020024776,770,75
A*,0.0009999275,244,47
BA*,0.0019996166,150,47
EBA*,0.001996994,121,47
DIJKSTRA,0.0010015965,534,47
DFS_NORMAL,0.0010004044,826,499
DFS_LIM,0.0019974709,758,331
BFS,0.0010011196,522,523
A*,0.0030007362,905,120
BA*,0.0010025501,46,120
EBA*,0.0020003319,43,120
DIJKSTRA,0.0019993782,905,120
DFS_NORMAL,0.0010011196,271,592
DFS_LIM,0.0,41,130
BFS,0.000998497,246,128
A*,0.0030007362,903,137
BA*,0.0019986629,166,137
EBA*,0.0020029545,204,137
DIJKSTRA,0.0029981136,903,137
DFS_NORMAL,0.0010001659,590,823
DFS_LIM,0.0010006428,538,293
BFS,0.0010025501,821,401
A*,0.0009980202,140,45
BA*,0.0020000935,217,45
EBA*,0.0020000935,204,45
DIJKSTRA,0.0020003319,580,45
DFS_NORMAL,0.0010027885,154,201
DFS_LIM,0.0009977818,223,249
BFS,0.0010020733,582,63
A*,0.0020000935,164,44
BA*,0.0020000935,177,44
EBA*,0.001999855,170,44
DIJKSTRA,0.0009994507,301,44
DFS_NORMAL,0.0010025501,523,900
DFS_LIM,0.0010015965,588,928
BFS,0.0,306,44
A*,0.0010001659,52,27
BA*,0.001999855,80,27
EBA*,0.001999855,77,27
DIJKSTRA,0.0010006428,275,27
DFS_NORMAL,0.0010001659,870,639
DFS_LIM,0.0010006428,587,119
BFS,0.0,351,27
A*,0.0010008812,58,35
BA*,0.0020003319,84,35
EBA*,0.0010037422,90,35
DIJKSTRA,0.0019991398,418,35
DFS_NORMAL,0.0020000935,671,385
DFS_LIM,0.0020008087,667,427
BFS,0.0010004044,490,35
A*,0.0019989014,186,49
BA*,0.001999855,115,49
EBA*,0.0020024776,146,49
DIJKSTRA,0.0020000935,524,49
DFS_NORMAL,0.001001358,231,419
DFS_LIM,0.0010001659,477,489
BFS,0.0,497,49
A*,0.0019991398,380,80
BA*,0.0030002594,503,80
EBA*,0.0039997101,562,80
DIJKSTRA,0.001999855,689,80
DFS_NORMAL,0.0,169,298
DFS_LIM,0.0009999275,219,302
BFS,0.0019993782,821,562
A*,0.0020008087,355,69
BA*,0.0030002594,419,69
EBA*,0.00299716,341,69
DIJKSTRA,0.0020000935,803,69
DFS_NORMAL,0.0,179,203
DFS_LIM,0.0009975433,432,327
BFS,0.0010006428,850,153
A*,0.0040006638,848,96
BA*,0.0019996166,255,96
EBA*,0.0020003319,337,96
DIJKSTRA,0.0030007362,892,96
DFS_NORMAL,0.0010020733,459,600
DFS_LIM,0.0010004044,452,392
BFS,0.0020010471,881,368
A*,0.0010004044,148,62
BA*,0.0030002594,260,62
EBA*,0.0030014515,261,62
DIJKSTRA,0.0040009022,557,62
DFS_NORMAL,0.0009999275,237,524
DFS_LIM,0.001999855,674,602
BFS,0.0010027885,743,62
A*,0.0040035248,882,110
BA*,0.0029988289,251,110
EBA*,0.0029997826,357,110
DIJKSTRA,0.0030004978,889,110
DFS_NORMAL,0.0019996166,731,904
DFS_LIM,0.0010020733,777,766
BFS,0.0020012856,848,110
A*,0.0019993782,631,75
BA*,0.0029995441,388,75
EBA*,0.0030002594,366,79
DIJKSTRA,0.0019996166,834,75
DFS_NORMAL,0.0009999275,279,613
DFS_LIM,0.0010015965,331,165
BFS,0.0010025501,789,105
A*,0.0009989738,264,43
BA*,0.0020005703,115,43
EBA*,0.0020024776,101,43
DIJKSTRA,0.0020017624,665,43
DFS_NORMAL,0.0010011196,476,543
DFS_LIM,0.0010008812,499,411
BFS,0.0010004044,519,43
A*,0.0020008087,566,82
BA*,0.0030007362,476,82
EBA*,0.0029997826,555,82
DIJKSTRA,0.0020010471,814,82
DFS_NORMAL,0.001003027,559,1040
DFS_LIM,0.0009989738,576,630
BFS,0.0019984245,586,188
A*,0.0030016899,780,91
BA*,0.0019996166,164,91
EBA*,0.0020000935,150,91
DIJKSTRA,0.0030002594,895,91
DFS_NORMAL,0.0010020733,443,525
DFS_LIM,0.0009994507,408,321
BFS,0.0010018349,420,187
A*,0.0039987564,890,162
BA*,0.0020000935,255,162
EBA*,0.002001524,249,162
DIJKSTRA,0.0029978752,890,162
DFS_NORMAL,0.0020022392,737,692
DFS_LIM,0.001001358,676,418
BFS,0.0010008812,823,162
A*,0.0010001659,160,49
BA*,0.0020008087,161,51
EBA*,0.0020003319,211,49
DIJKSTRA,0.0020020008,448,49
DFS_NORMAL,0.001001358,783,967
DFS_LIM,0.0020008087,764,377
BFS,0.0009999275,660,49
A*,0.0029993057,908,176
BA*,0.0029993057,355,176
EBA*,0.0029997826,395,176
DIJKSTRA,0.0020022392,908,176
DFS_NORMAL,0.0010015965,267,492
DFS_LIM,0.0010004044,299,476
BFS,0.0010011196,854,276
A*,0.0019989014,309,45
BA*,0.0020022392,188,45
EBA*,0.0019989014,198,45
DIJKSTRA,0.0019991398,623,45
DFS_NORMAL,0.001001358,399,395
DFS_LIM,0.0010011196,550,443
BFS,0.0010015965,703,87
A*,0.001999855,442,73
BA*,0.0019977093,355,73
EBA*,0.00299716,417,73
DIJKSTRA,0.0020000935,691,73
DFS_NORMAL,0.001001358,466,621
DFS_LIM,0.0010011196,710,345
BFS,0.0010006428,770,251
A*,0.0010011196,52,36
BA*,0.0020000935,86,36
EBA*,0.0020012856,121,36
DIJKSTRA,0.0020008087,481,36
DFS_NORMAL,0.0,379,342
DFS_LIM,0.001001358,237,236
BFS,0.0009980202,535,36
A*,0.0010011196,145,60
BA*,0.0019974709,163,60
EBA*,0.0020005703,149,60
DIJKSTRA,0.0010001659,540,60
DFS_NORMAL,0.0010015965,485,1052
DFS_LIM,0.0010011196,457,314
BFS,0.0010027885,552,72
A*,0.0009968281,175,38
BA*,0.0020003319,116,38
EBA*,0.0020008087,135,38
DIJKSTRA,0.0020000935,510,38
DFS_NORMAL,0.0020020008,632,720
DFS_LIM,0.0019984245,720,628
BFS,0.0010008812,567,38
A*,0.001001358,282,55
BA*,0.0030012131,306,55
EBA*,0.0029976368,371,55
DIJKSTRA,0.0020017624,731,55
DFS_NORMAL,0.0019972324,544,987
DFS_LIM,0.0020029545,562,961
BFS,0.0019979477,822,55
A*,0.003000021,481,67
BA*,0.0030002594,408,67
EBA*,0.0039973259,655,67
DIJKSTRA,0.0020022392,768,67
DFS_NORMAL,0.0,91,451
DFS_LIM,0.0009970665,187,113
BFS,0.0019991398,873,115
A*,0.0029988289,672,82
BA*,0.0029997826,182,82
EBA*,0.003002882,160,82
DIJKSTRA,0.0029981136,885,82
DFS_NORMAL,0.0009987354,494,972
DFS_LIM,0.0009999275,450,508
BFS,0.0020000935,692,148
A*,0.0030002594,408,62
BA*,0.0029988289,339,62
EBA*,0.0030002594,300,62
DIJKSTRA,0.0020005703,762,62
DFS_NORMAL,0.0,110,336
DFS_LIM,0.0010001659,593,294
BFS,0.0010001659,782,194
A*,0.0019986629,540,73
BA*,0.0020022392,159,73
EBA*,0.0020008087,253,73
DIJKSTRA,0.0020010471,857,73
DFS_NORMAL,0.0020027161,901,405
DFS_LIM,0.0019977093,903,369
BFS,0.0009989738,889,193
A*,0.0020005703,146,55
BA*,0.003000021,215,55
EBA*,0.0030002594,259,55
DIJKSTRA,0.0020017624,606,55
DFS_NORMAL,0.0019972324,852,999
DFS_LIM,0.0010015965,849,913
BFS,0.0010004044,756,55
A*,0.0010004044,156,42
BA*,0.0020003319,128,42
EBA*,0.001996994,124,42
DIJKSTRA,0.0020003319,603,42
DFS_NORMAL,0.0010027885,225,724
DFS_LIM,0.0009980202,468,272
BFS,0.0010001659,519,42
A*,0.0020031929,158,58
BA*,0.0019972324,154,58
EBA*,0.0020003319,223,58
DIJKSTRA,0.0020000935,724,58
DFS_NORMAL,0.0010049343,657,870
DFS_LIM,0.0010015965,673,528
BFS,0.0020003319,835,250
A*,0.0020036697,105,31
BA*,0.0019979477,153,31
EBA*,0.0020017624,120,31
DIJKSTRA,0.0010018349,466,31
DFS_NORMAL,0.0010032654,305,365
DFS_LIM,0.0,353,181
BFS,0.0010018349,490,31
A*,0.0010001659,203,54
BA*,0.0019996166,159,54
EBA*,0.0020022392,217,54
DIJKSTRA,0.0019974709,656,54
DFS_NORMAL,0.0020024776,792,656
DFS_LIM,0.0019996166,798,862
BFS,0.0020000935,732,94
A*,0.0009994507,129,43
BA*,0.0030004978,191,43
EBA*,0.001999855,123,43
DIJKSTRA,0.001001358,310,43
DFS_NORMAL,0.0010015965,770,915
DFS_LIM,0.0019993782,684,851
BFS,0.0010006428,392,43
A*,0.0020012856,364,68
BA*,0.0029983521,441,68
EBA*,0.0029995441,367,80
DIJKSTRA,0.0020027161,648,68
DFS_NORMAL,0.001001358,227,406
DFS_LIM,0.0010015965,349,524
BFS,0.0010008812,717,68
A*,0.0019993782,180,54
BA*,0.0019972324,186,54
EBA*,0.0030002594,202,54
DIJKSTRA,0.0020000935,609,54
DFS_NORMAL,0.001003027,651,1002
DFS_LIM,0.0019972324,719,956
BFS,0.0020000935,714,90
A*,0.0009996891,86,36
BA*,0.001999855,134,36
EBA*,0.0020003319,163,36
DIJKSTRA,0.001001358,416,36
DFS_NORMAL,0.0010027885,581,728
DFS_LIM,0.0009996891,633,278
BFS,0.0010001659,533,36
A*,0.0020003319,582,70
BA*,0.0030004978,273,74
EBA*,0.0029981136,234,70
DIJKSTRA,0.0029993057,821,70
DFS_NORMAL,0.0010011196,268,568
DFS_LIM,0.0,324,542
BFS,0.001999855,902,70
A*,0.0010004044,59,37
BA*,0.0020029545,75,37
EBA*,0.0019993782,75,39
DIJKSTRA,0.0010008812,163,37
DFS_NORMAL,0.0010018349,429,637
DFS_LIM,0.0009992123,399,425
BFS,0.0009999275,368,37
A*,0.0020022392,390,67
BA*,0.003000021,554,67
EBA*,0.0029993057,596,75
DIJKSTRA,0.0020008087,733,67
DFS_NORMAL,0.0,212,251
DFS_LIM,0.0009992123,305,297
BFS,0.0010015965,680,91
A*,0.0010001659,188,52
BA*,0.0029995441,233,52
EBA*,0.0029993057,343,52
DIJKSTRA,0.001999855,624,52
DFS_NORMAL,0.0,231,458
DFS_LIM,0.001001358,474,522
BFS,0.0010023117,673,52
A*,0.0009970665,161,43
BA*,0.0019972324,157,43
EBA*,0.0020005703,173,43
DIJKSTRA,0.0020008087,731,43
DFS_NORMAL,0.0029978752,591,51
DFS_LIM,0.0010006428,194,61
BFS,0.0029947758,805,43
A*,0.0019974709,64,30
BA*,0.0020027161,112,30
EBA*,0.0020000935,94,30
DIJKSTRA,0.0020000935,503,30
DFS_NORMAL,0.0009975433,102,96
DFS_LIM,0.002001524,526,60
BFS,0.0019984245,591,30
A*,0.000998497,71,33
BA*,0.0019993782,104,33
EBA*,0.0029995441,154,33
DIJKSTRA,0.0020027161,454,33
DFS_NORMAL,0.0009975433,290,827
DFS_LIM,0.0009999275,377,785
BFS,0.0010001659,540,33
A*,0.0039961338,822,104
BA*,0.0029981136,398,104
EBA*,0.0029988289,332,104
DIJKSTRA,0.0020008087,893,104
DFS_NORMAL,0.0,111,146
DFS_LIM,0.0,128,148
BFS,0.0019972324,863,164
A*,0.0010004044,60,29
BA*,0.0019984245,94,29
EBA*,0.0019974709,103,29
DIJKSTRA,0.0010004044,408,29
DFS_NORMAL,0.0010006428,594,671
DFS_LIM,0.0010020733,656,435
BFS,0.0009999275,343,29
A*,0.0020000935,237,62
BA*,0.0019977093,274,62
EBA*,0.0020029545,371,62
DIJKSTRA,0.0019986629,653,62
DFS_NORMAL,0.0,115,152
DFS_LIM,0.0,222,178
BFS,0.0009996891,829,62
A*,0.0019972324,373,74
BA*,0.0030012131,290,76
EBA*,0.0029990673,261,74
DIJKSTRA,0.003002882,775,74
DFS_NORMAL,0.001996994,581,924
DFS_LIM,0.0020008087,599,502
BFS,0.0019993782,790,154
A*,0.0030014515,658,77
BA*,0.0029983521,424,93
EBA*,0.0029997826,378,89
DIJKSTRA,0.003000021,854,77
DFS_NORMAL,0.0020022392,881,493
DFS_LIM,0.0009999275,880,165
BFS,0.0019979477,899,209
A*,0.0010001659,73,32
BA*,0.0020022392,114,32
EBA*,0.0019986629,126,32
DIJKSTRA,0.001999855,405,32
DFS_NORMAL,0.0,216,316
DFS_LIM,0.0,271,176
BFS,0.0009992123,538,32
A*,0.0010004044,104,45
BA*,0.0020005703,138,45
EBA*,0.0020008087,186,45
DIJKSTRA,0.0010023117,592,45
DFS_NORMAL,0.002001524,606,959
DFS_LIM,0.0010008812,465,729
BFS,0.0010011196,690,45
A*,0.0010018349,248,61
BA*,0.0019993782,223,63
EBA*,0.0020010471,229,63
DIJKSTRA,0.0019996166,849,61
DFS_NORMAL,0.0010015965,837,1177
DFS_LIM,0.0020017624,796,1093
BFS,0.0019981861,893,61
A*,0.0020005703,383,53
BA*,0.0020020008,166,59
EBA*,0.0029985905,173,57
DIJKSTRA,0.0029993057,820,53
DFS_NORMAL,0.0010008812,299,341
DFS_LIM,0.0010027885,477,111
BFS,0.0019967556,704,59
A*,0.0009999275,342,71
BA*,0.0029993057,444,71
EBA*,0.0030024052,434,71
DIJKSTRA,0.0019977093,625,71
DFS_NORMAL,0.0010008812,656,697
DFS_LIM,0.0009992123,725,483
BFS,0.0020003319,788,117
A*,0.0020031929,104,37
BA*,0.0019965172,122,37
EBA*,0.0020027161,131,37
DIJKSTRA,0.0010035038,411,37
DFS_NORMAL,0.0010015965,798,723
DFS_LIM,0.0020022392,827,807
BFS,0.0009982586,465,37
A*,0.0010008812,130,67
BA*,0.0020000935,166,67
EBA*,0.0029978752,233,67
DIJKSTRA,0.0020003319,695,67
DFS_NORMAL,0.0,246,657
DFS_LIM,0.0009999275,266,223
BFS,0.0010004044,793,67
A*,0.0010025501,158,52
BA*,0.0030014515,237,52
EBA*,0.0030004978,380,52
DIJKSTRA,0.0019996166,531,52
DFS_NORMAL,0.0009999275,262,210
DFS_LIM,0.0019996166,593,564
BFS,0.0009987354,694,52
A*,0.0010018349,309,70
BA*,0.0030009747,391,70
EBA*,0.0039975643,329,70
DIJKSTRA,0.0029985905,560,70
DFS_NORMAL,0.0019972324,859,494
DFS_LIM,0.0020000935,887,482
BFS,0.0009987354,396,82
A*,0.0019986629,146,47
BA*,0.002001524,175,47
EBA*,0.0020003319,247,47
DIJKSTRA,0.0020010471,712,47
DFS_NORMAL,0.0020003319,762,839
DFS_LIM,0.0020003319,763,565
BFS,0.001003027,757,235
A*,0.0009973049,55,32
BA*,0.0020010471,87,32
EBA*,0.0020041466,88,32
DIJKSTRA,0.0019993782,510,32
DFS_NORMAL,0.0,310,624
DFS_LIM,0.0,59,40
BFS,0.0009989738,563,32
A*,0.0020000935,116,44
BA*,0.001999855,178,44
EBA*,0.0030007362,184,44
DIJKSTRA,0.0019977093,498,44
DFS_NORMAL,0.0010004044,445,494
DFS_LIM,0.001003027,508,88
BFS,0.001001358,629,44
A*,0.0010004044,215,47
BA*,0.0030012131,270,49
EBA*,0.0029981136,271,49
DIJKSTRA,0.0029997826,728,47
DFS_NORMAL,0.001003027,287,223
DFS_LIM,0.0010015965,399,189
BFS,0.0019991398,805,47
A*,0.0020000935,125,46
BA*,0.0029997826,200,52
EBA*,0.0030024052,348,48
DIJKSTRA,0.0010015965,551,46
DFS_NORMAL,0.0010011196,546,294
DFS_LIM,0.0010020733,375,166
BFS,0.0019984245,731,46
A*,0.0009975433,207,49
BA*,0.0029966831,259,53
EBA*,0.0020000935,218,53
DIJKSTRA,0.0020027161,691,49
DFS_NORMAL,0.0020010471,845,581
DFS_LIM,0.001001358,817,707
BFS,0.0009987354,711,49
A*,0.0010001659,83,46
BA*,0.0019974709,121,46
EBA*,0.0020003319,167,46
DIJKSTRA,0.0010018349,525,46
DFS_NORMAL,0.0010018349,327,370
DFS_LIM,0.0010039806,468,554
BFS,0.0009970665,632,46
A*,0.000998497,144,44
BA*,0.001999855,155,44
EBA*,0.0019986629,139,44
DIJKSTRA,0.0020008087,632,44
DFS_NORMAL,0.0010004044,274,456
DFS_LIM,0.0010020733,431,610
BFS,0.0019977093,690,44
A*,0.0019979477,461,63
BA*,0.0020017624,334,63
EBA*,0.0030007362,303,67
DIJKSTRA,0.0029997826,794,63
DFS_NORMAL,0.002004385,633,519
DFS_LIM,0.0019960403,657,367
BFS,0.0019996166,790,201
A*,0.0030014515,444,57
BA*,0.003000021,163,59
EBA*,0.0019989014,204,57
DIJKSTRA,0.0029985905,809,57
DFS_NORMAL,0.0020012856,716,597
DFS_LIM,0.0009994507,593,389
BFS,0.001999855,672,59
A*,0.0009996891,154,45
BA*,0.0020020008,181,47
EBA*,0.0020022392,233,47
DIJKSTRA,0.0010018349,380,45
DFS_NORMAL,0.0010011196,350,787
DFS_LIM,0.0010018349,427,825
BFS,0.001001358,482,45
A*,0.0010008812,225,48
BA*,0.0019979477,235,48
EBA*,0.0020010471,212,48
DIJKSTRA,0.002004385,652,48
DFS_NORMAL,0.0019974709,522,612
DFS_LIM,0.0020012856,566,520
BFS,0.001996994,778,108
A*,0.0029990673,560,78
BA*,0.003000021,327,94
EBA*,0.001999855,315,94
DIJKSTRA,0.0019993782,850,78
DFS_NORMAL,0.0019996166,754,918
DFS_LIM,0.0010025501,486,240
BFS,0.0010015965,856,378
A*,0.0020020008,353,61
BA*,0.003000021,341,61
EBA*,0.0040009022,537,61
DIJKSTRA,0.0029988289,812,61
DFS_NORMAL,0.0,161,215
DFS_LIM,0.0,212,215
BFS,0.001001358,840,81
A*,0.0019996166,687,70
BA*,0.0019993782,115,70
EBA*,0.002001524,162,70
DIJKSTRA,0.0029957294,882,70
DFS_NORMAL,0.0009992123,729,654
DFS_LIM,0.001003027,441,324
BFS,0.0010015965,771,140
A*,0.0009987354,52,31
BA*,0.0020000935,70,31
EBA*,0.0009994507,79,31
DIJKSTRA,0.0020010471,359,31
DFS_NORMAL,0.001999855,679,939
DFS_LIM,0.0020005703,890,657
BFS,0.0010018349,440,31
A*,0.0029995441,459,72
BA*,0.0019996166,224,74
EBA*,0.00299716,255,72
DIJKSTRA,0.0030004978,845,72
DFS_NORMAL,0.0029993057,836,788
DFS_LIM,0.0019989014,617,392
BFS,0.0010027885,609,94
A*,0.0020000935,495,62
BA*,0.0020022392,180,64
EBA*,0.0020005703,196,64
DIJKSTRA,0.0029995441,779,62
DFS_NORMAL,0.001999855,762,1004
DFS_LIM,0.0020000935,752,1088
BFS,0.0020005703,708,64
A*,0.000998497,304,61
BA*,0.003000021,314,61
EBA*,0.003000021,351,73
DIJKSTRA,0.0019996166,754,61
DFS_NORMAL,0.0020024776,641,669
DFS_LIM,0.0010001659,550,173
BFS,0.0019974709,834,301
A*,0.0020027161,117,36
BA*,0.0019989014,117,36
EBA*,0.0020003319,130,36
DIJKSTRA,0.0009992123,475,36
DFS_NORMAL,0.001001358,565,700
DFS_LIM,0.0010001659,747,104
BFS,0.0010032654,543,36
A*,0.0029995441,758,71
BA*,0.0019996166,140,71
EBA*,0.002001524,155,75
DIJKSTRA,0.0029985905,890,71
DFS_NORMAL,0.0010018349,737,969
DFS_LIM,0.001003027,365,123
BFS,0.0019965172,635,123
A*,0.0009965897,273,92
BA*,0.0029993057,352,92
EBA*,0.0019967556,448,102
DIJKSTRA,0.002001524,745,92
DFS_NORMAL,0.0010004044,581,440
DFS_LIM,0.0010015965,647,530
BFS,0.0010004044,723,98
A*,0.0019979477,356,65
BA*,0.0020003319,182,65
EBA*,0.0020000935,238,65
DIJKSTRA,0.0019991398,812,65
DFS_NORMAL,0.0010008812,584,359
DFS_LIM,0.0009975433,584,351
BFS,0.0019984245,721,79
A*,0.0030016899,873,101
BA*,0.0019989014,227,101
EBA*,0.0030026436,353,101
DIJKSTRA,0.0020003319,894,101
DFS_NORMAL,0.001999855,658,1189
DFS_LIM,0.0020008087,679,751
BFS,0.0020000935,772,117
A*,0.0009992123,169,35
BA*,0.001996994,239,37
EBA*,0.0019967556,239,37
DIJKSTRA,0.0009992123,497,35
DFS_NORMAL,0.0010032654,572,873
DFS_LIM,0.0010006428,664,171
BFS,0.0010011196,612,35
A*,0.0019977093,411,62
BA*,0.0020000935,210,62
EBA*,0.0019993782,322,62
DIJKSTRA,0.001996994,549,62
DFS_NORMAL,0.0010011196,410,770
DFS_LIM,0.0010006428,693,702
BFS,0.0010011196,768,62
A*,0.0010011196,144,59
BA*,0.001999855,180,59
EBA*,0.0019996166,199,59
DIJKSTRA,0.0010015965,365,59
DFS_NORMAL,0.0,249,665
DFS_LIM,0.0010008812,411,329
BFS,0.0,315,77
A*,0.0019996166,197,61
BA*,0.0019984245,228,61
EBA*,0.0030016899,301,61
DIJKSTRA,0.0020005703,727,61
DFS_NORMAL,0.0010018349,192,391
DFS_LIM,0.0,238,331
BFS,0.0009996891,848,345
A*,0.0010011196,156,42
BA*,0.001996994,203,46
EBA*,0.0029990673,277,44
DIJKSTRA,0.0020005703,601,42
DFS_NORMAL,0.0009999275,385,348
DFS_LIM,0.0010006428,321,126
BFS,0.0019979477,660,42
A*,0.0020029545,271,60
BA*,0.0020022392,220,66
EBA*,0.0019996166,254,60
DIJKSTRA,0.0030012131,814,60
DFS_NORMAL,0.0019977093,677,692
DFS_LIM,0.0010018349,726,734
BFS,0.0020020008,828,150
A*,0.0009992123,159,49
BA*,0.0020003319,194,49
EBA*,0.0030002594,238,49
DIJKSTRA,0.0020003319,644,49
DFS_NORMAL,0.0019991398,496,411
DFS_LIM,0.0,273,65
BFS,0.0019996166,730,49
A*,0.0019977093,323,59
BA*,0.0020027161,347,59
EBA*,0.0030002594,360,59
DIJKSTRA,0.0019977093,617,59
DFS_NORMAL,0.0010004044,542,613
DFS_LIM,0.0009992123,649,381
BFS,0.000998497,594,115
A*,0.0009999275,61,26
BA*,0.0020003319,67,28
EBA*,0.0020005703,75,28
DIJKSTRA,0.001003027,309,26
DFS_NORMAL,0.0009970665,391,692
DFS_LIM,0.0010015965,467,90
BFS,0.0009996891,364,26
A*,0.0029988289,606,71
BA*,0.0029988289,150,71
EBA*,0.0019996166,220,71
DIJKSTRA,0.0029990673,868,71
DFS_NORMAL,0.0010023117,71,81
DFS_LIM,0.000998497,126,197
BFS,0.0020010471,688,85
A*,0.0019986629,190,65
BA*,0.0020029545,247,69
EBA*,0.0019989014,266,69
DIJKSTRA,0.0020008087,642,65
DFS_NORMAL,0.0010011196,427,647
DFS_LIM,0.0020022392,844,417
BFS,0.0019974709,762,65
A*,0.0020000935,293,49
BA*,0.0020000935,180,49
EBA*,0.0020005703,226,49
DIJKSTRA,0.0019986629,677,49
DFS_NORMAL,0.0019991398,544,875
DFS_LIM,0.001999855,556,265
BFS,0.0020003319,746,49
A*,0.0009975433,138,44
BA*,0.0030002594,216,44
EBA*,0.0029995441,226,44
DIJKSTRA,0.0020005703,473,44
DFS_NORMAL,0.0,32,56
DFS_LIM,0.0010037422,192,56
BFS,0.0,458,56
A*,0.0019996166,293,61
BA*,0.0020000935,193,61
EBA*,0.0019981861,290,61
DIJKSTRA,0.0019984245,729,61
DFS_NORMAL,0.0020000935,863,179
DFS_LIM,0.001999855,879,195
BFS,0.0009999275,835,61
A*,0.0040004253,879,100
BA*,0.0030002594,508,100
EBA*,0.0030002594,365,102
DIJKSTRA,0.0019996166,898,100
DFS_NORMAL,0.0009989738,187,276
DFS_LIM,0.0010018349,360,256
BFS,0.0009987354,805,112
A*,0.0009996891,130,49
BA*,0.0020005703,147,49
EBA*,0.0020003319,212,49
DIJKSTRA,0.0019984245,740,49
DFS_NORMAL,0.0,155,169
DFS_LIM,0.0010004044,532,291
BFS,0.0010011196,808,285
A*,0.0019989014,289,51
BA*,0.0019989014,276,53
EBA*,0.0019972324,295,53
DIJKSTRA,0.0020003319,694,51
DFS_NORMAL,0.0,217,707
DFS_LIM,0.0009999275,331,373
BFS,0.0019974709,665,285
A*,0.0009992123,142,38
BA*,0.0020005703,148,38
EBA*,0.0020000935,141,38
DIJKSTRA,0.0020003319,437,38
DFS_NORMAL,0.0020008087,706,246
DFS_LIM,0.0010018349,153,40
BFS,0.000998497,491,38
A*,0.001999855,155,45
BA*,0.0020000935,186,45
EBA*,0.0019996166,157,45
DIJKSTRA,0.0020022392,581,45
DFS_NORMAL,0.0019989014,762,695
DFS_LIM,0.0010027885,658,185
BFS,0.0020000935,622,45
A*,0.0019989014,562,77
BA*,0.0029969215,476,77
EBA*,0.0030012131,576,77
DIJKSTRA,0.0029976368,799,77
DFS_NORMAL,0.0010004044,170,137
DFS_LIM,0.0,251,167
BFS,0.0009980202,762,123
A*,0.0010001659,96,39
BA*,0.0020022392,136,39
EBA*,0.0019974709,240,39
DIJKSTRA,0.0010008812,480,39
DFS_NORMAL,0.001001358,265,501
DFS_LIM,0.001001358,486,433
BFS,0.001001358,620,39
A*,0.0010006428,44,27
BA*,0.0020017624,70,27
EBA*,0.0020003319,116,27
DIJKSTRA,0.0020000935,299,27
DFS_NORMAL,0.0010008812,485,427
DFS_LIM,0.0009994507,531,329
BFS,0.0010008812,332,27
A*,0.0010020733,243,56
BA*,0.0030021667,422,56
EBA*,0.0029988289,414,56
DIJKSTRA,0.0019984245,591,56
DFS_NORMAL,0.0009992123,444,832
DFS_LIM,0.0019989014,726,678
BFS,0.0010027885,552,56
A*,0.003000021,513,79
BA*,0.0029978752,392,87
EBA*,0.0030035973,460,79
DIJKSTRA,0.0029983521,886,79
DFS_NORMAL,0.0010004044,334,239
DFS_LIM,0.000998497,499,193
BFS,0.0019991398,907,309
A*,0.0030007362,199,49
BA*,0.0029997826,297,57
EBA*,0.0029995441,308,57
DIJKSTRA,0.0020000935,733,49
DFS_NORMAL,0.0009999275,488,703
DFS_LIM,0.0010020733,439,405
BFS,0.002001524,746,99
A*,0.0010001659,121,63
BA*,0.001999855,192,63
EBA*,0.0020017624,314,63
DIJKSTRA,0.0020017624,765,63
DFS_NORMAL,0.0010032654,209,247
DFS_LIM,0.0009977818,268,243
BFS,0.0010006428,853,63
A*,0.000998497,110,35
BA*,0.0020003319,103,35
EBA*,0.0020024776,124,35
DIJKSTRA,0.0010004044,355,35
DFS_NORMAL,0.0010006428,299,299
DFS_LIM,0.0010018349,416,401
BFS,0.001003027,453,35
A*,0.0020003319,306,66
BA*,0.0020027161,176,66
EBA*,0.0020017624,181,66
DIJKSTRA,0.0020003319,740,66
DFS_NORMAL,0.0010015965,710,1236
DFS_LIM,0.0009992123,626,200
BFS,0.0010037422,837,78
A*,0.0020003319,160,54
BA*,0.001999855,155,54
EBA*,0.0020024776,211,54
DIJKSTRA,0.0020003319,481,54
DFS_NORMAL,0.0010018349,173,466
DFS_LIM,0.0009987354,204,450
BFS,0.0009982586,713,82
A*,0.001003027,100,30
BA*,0.001999855,162,30
EBA*,0.001999855,133,30
DIJKSTRA,0.0020003319,413,30
DFS_NORMAL,0.001999855,703,698
DFS_LIM,0.0010027885,568,934
BFS,0.0009975433,459,30
A*,0.0029983521,407,67
BA*,0.0029997826,222,67
EBA*,0.0030026436,249,67
DIJKSTRA,0.0029978752,839,67
DFS_NORMAL,0.001003027,227,209
DFS_LIM,0.0,165,167
BFS,0.0010001659,877,99
A*,0.0010008812,145,36
BA*,0.0020024776,190,38
EBA*,0.0020003319,199,38
DIJKSTRA,0.0020003319,518,36
DFS_NORMAL,0.0010023117,319,448
DFS_LIM,0.0010020733,770,528
BFS,0.0010027885,618,36
A*,0.0010027885,89,32
BA*,0.0020000935,90,32
EBA*,0.0009999275,113,32
DIJKSTRA,0.0019977093,590,32
DFS_NORMAL,0.0010011196,710,1102
DFS_LIM,0.0010004044,679,564
BFS,0.001001358,622,32
A*,0.0029997826,519,73
BA*,0.003000021,345,73
EBA*,0.0019977093,384,73
DIJKSTRA,0.001996994,844,73
DFS_NORMAL,0.0009999275,709,721
DFS_LIM,0.0020003319,728,617
BFS,0.0019996166,887,175
A*,0.0010025501,108,43
BA*,0.0019981861,104,43
EBA*,0.0020000935,128,43
DIJKSTRA,0.0019996166,571,43
DFS_NORMAL,0.0010011196,621,567
DFS_LIM,0.0009999275,476,407
BFS,0.0019977093,679,43
A*,0.0009989738,96,44
BA*,0.0020017624,162,44
EBA*,0.0019977093,135,44
DIJKSTRA,0.0010004044,473,44
DFS_NORMAL,0.001001358,301,350
DFS_LIM,0.0,369,146
BFS,0.0010018349,552,44
A*,0.0009999275,326,70
BA*,0.0020008087,232,70
EBA*,0.0029997826,438,70
DIJKSTRA,0.0020017624,789,70
DFS_NORMAL,0.0010004044,468,590
DFS_LIM,0.0010006428,353,164
BFS,0.0019984245,898,168
A*,0.0009989738,167,37
BA*,0.0020000935,88,39
EBA*,0.0020010471,96,39
DIJKSTRA,0.0019974709,420,37
DFS_NORMAL,0.0,29,63
DFS_LIM,0.0010035038,89,93
BFS,0.0009965897,323,59
A*,0.0020003319,356,59
BA*,0.0029985905,286,59
EBA*,0.0019991398,333,59
DIJKSTRA,0.0020000935,586,59
DFS_NORMAL,0.0009999275,888,67
DFS_LIM,0.0019989014,896,67
BFS,0.0020012856,664,109
A*,0.0020003319,332,73
BA*,0.002001524,333,73
EBA*,0.0029993057,297,73
DIJKSTRA,0.0029976368,788,73
DFS_NORMAL,0.0009987354,548,895
DFS_LIM,0.0010008812,763,497
BFS,0.0010023117,832,73
A*,0.0029985905,690,82
BA*,0.0030021667,515,84
EBA*,0.0030007362,607,84
DIJKSTRA,0.0029995441,860,82
DFS_NORMAL,0.0020003319,513,952
DFS_LIM,0.0010011196,476,616
BFS,0.0020024776,814,226
A*,0.0019981861,458,71
BA*,0.0030026436,460,71
EBA*,0.0029983521,558,71
DIJKSTRA,0.0020008087,775,71
DFS_NORMAL,0.0,356,631
DFS_LIM,0.0010006428,463,129
BFS,0.0010008812,812,129
A*,0.0020003319,203,50
BA*,0.0020008087,345,50
EBA*,0.003002882,354,54
DIJKSTRA,0.0019977093,708,50
DFS_NORMAL,0.001996994,805,936
DFS_LIM,0.0020000935,793,634
BFS,0.0010011196,790,90
A*,0.0,27,23
BA*,0.0019991398,42,23
EBA*,0.0010035038,45,23
DIJKSTRA,0.0010004044,170,23
DFS_NORMAL,0.0010035038,564,465
DFS_LIM,0.0019984245,843,559
BFS,0.0,185,23
A*,0.0020003319,143,47
BA*,0.001999855,203,47
EBA*,0.0019972324,193,47
DIJKSTRA,0.001999855,490,47
DFS_NORMAL,0.0020012856,573,581
DFS_LIM,0.0010008812,450,305
BFS,0.0010023117,536,47
A*,0.0009992123,38,27
BA*,0.0020003319,60,27
EBA*,0.0019996166,61,27
DIJKSTRA,0.0020000935,406,27
DFS_NORMAL,0.001003027,552,465
DFS_LIM,0.0019984245,724,667
BFS,0.001001358,516,63
A*,0.0030033588,882,112
BA*,0.0029997826,423,140
EBA*,0.0029990673,472,112
DIJKSTRA,0.001996994,889,112
DFS_NORMAL,0.0009987354,239,536
DFS_LIM,0.0010018349,357,366
BFS,0.0010006428,493,112
A*,0.0010001659,128,44
BA*,0.001999855,205,52
EBA*,0.001999855,257,48
DIJKSTRA,0.0020000935,559,44
DFS_NORMAL,0.0020022392,592,886
DFS_LIM,0.0009989738,586,748
BFS,0.0010020733,634,44
A*,0.0009992123,85,42
BA*,0.0020020008,133,42
EBA*,0.0020029545,158,42
DIJKSTRA,0.0019986629,563,42
DFS_NORMAL,0.001003027,604,464
DFS_LIM,0.001001358,508,250
BFS,0.0010032654,691,108
A*,0.0020003319,548,74
BA*,0.0030002594,418,74
EBA*,0.0029995441,449,84
DIJKSTRA,0.0019996166,765,74
DFS_NORMAL,0.0010011196,625,718
DFS_LIM,0.0010027885,639,708
BFS,0.0019991398,834,122
A*,0.0009994507,13,10
BA*,0.0020012856,19,10
EBA*,0.0019991398,17,10
DIJKSTRA,0.0,54,10
DFS_NORMAL,0.0,10,10
DFS_LIM,0.0,10,10
BFS,0.0,64,10
A*,0.0019993782,232,53
BA*,0.0020000935,158,55
EBA*,0.0020003319,190,55
DIJKSTRA,0.001999855,779,53
DFS_NORMAL,0.0010001659,295,859
DFS_LIM,0.0009999275,576,697
BFS,0.0020022392,870,53
A*,0.0019996166,257,45
BA*,0.003002882,245,45
EBA*,0.003000021,265,45
DIJKSTRA,0.001996994,521,45
DFS_NORMAL,0.0009992123,738,797
DFS_LIM,0.0010006428,593,175
BFS,0.0010001659,395,61
A*,0.0019974709,573,79
BA*,0.0029988289,395,79
EBA*,0.0030007362,405,79
DIJKSTRA,0.0020003319,714,79
DFS_NORMAL,0.001001358,572,571
DFS_LIM,0.0020008087,655,597
BFS,0.001001358,605,213
A*,0.0009999275,119,37
BA*,0.001999855,141,37
EBA*,0.0019986629,138,37
DIJKSTRA,0.0019996166,620,37
DFS_NORMAL,0.0019974709,860,751
DFS_LIM,0.0010011196,432,497
BFS,0.0019991398,632,369
A*,0.0020024776,146,37
BA*,0.0029995441,145,45
EBA*,0.0019989014,129,45
DIJKSTRA,0.0020012856,393,37
DFS_NORMAL,0.0010001659,283,811
DFS_LIM,0.0010006428,292,49
BFS,0.0010006428,493,37
A*,0.0030004978,216,71
BA*,0.003998518,296,71
EBA*,0.003000021,405,75
DIJKSTRA,0.0029990673,791,71
DFS_NORMAL,0.0010020733,621,625
DFS_LIM,0.0010004044,622,513
BFS,0.0020008087,869,71
A*,0.0029990673,706,78
BA*,0.0029993057,447,80
EBA*,0.0029995441,404,80
DIJKSTRA,0.001999855,847,78
DFS_NORMAL,0.0,188,204
DFS_LIM,0.001003027,312,284
BFS,0.0010023117,895,140
A*,0.0020000935,153,49
BA*,0.0019996166,112,49
EBA*,0.0019984245,121,49
DIJKSTRA,0.0020000935,432,49
DFS_NORMAL,0.0020024776,573,679
DFS_LIM,0.0019977093,549,681
BFS,0.001003027,470,49
A*,0.0020005703,139,60
BA*,0.0029997826,172,60
EBA*,0.0019977093,183,60
DIJKSTRA,0.0019996166,756,60
DFS_NORMAL,0.0019996166,768,878
DFS_LIM,0.0020005703,757,740
BFS,0.0009965897,827,60
A*,0.0010025501,153,42
BA*,0.0030004978,246,42
EBA*,0.0029988289,228,42
DIJKSTRA,0.0020000935,626,42
DFS_NORMAL,0.0,253,726
DFS_LIM,0.0019974709,876,718
BFS,0.001003027,677,42
A*,0.0009994507,181,62
BA*,0.0020008087,275,64
EBA*,0.001999855,259,64
DIJKSTRA,0.0019996166,705,62
DFS_NORMAL,0.0010015965,485,830
DFS_LIM,0.0010008812,561,586
BFS,0.0010023117,817,62
A*,0.0009980202,96,34
BA*,0.0019979477,121,38
EBA*,0.0020003319,117,38
DIJKSTRA,0.001999855,523,34
DFS_NORMAL,0.0010006428,373,588
DFS_LIM,0.0010020733,484,554
BFS,0.0010004044,639,76
A*,0.0029962063,491,74
BA*,0.0040025711,567,82
EBA*,0.0039980412,613,74
DIJKSTRA,0.003000021,777,74
DFS_NORMAL,0.001003027,229,268
DFS_LIM,0.0,323,374
BFS,0.0010015965,629,152
A*,0.0020008087,325,68
BA*,0.0020000935,275,68
EBA*,0.001999855,276,68
DIJKSTRA,0.002001524,757,68
DFS_NORMAL,0.0,127,172
DFS_LIM,0.0010004044,512,190
BFS,0.0010032654,849,126
A*,0.0019993782,388,64
BA*,0.0029993057,252,64
EBA*,0.003000021,305,64
DIJKSTRA,0.0020017624,849,64
DFS_NORMAL,0.0010006428,751,1236
DFS_LIM,0.0019993782,716,890
BFS,0.0020008087,884,64
A*,0.0019984245,324,55
BA*,0.0029990673,221,55
EBA*,0.003000021,213,55
DIJKSTRA,0.0020000935,555,55
DFS_NORMAL,0.0,233,455
DFS_LIM,0.0009977818,668,469
BFS,0.0010008812,467,213
A*,0.0019981861,503,67
BA*,0.0020005703,114,69
EBA*,0.0020020008,116,69
DIJKSTRA,0.0019993782,795,67
DFS_NORMAL,0.0010004044,458,625
DFS_LIM,0.0009989738,580,595
BFS,0.0010032654,549,67
A*,0.0020005703,354,66
BA*,0.0029995441,232,66
EBA*,0.0029997826,248,66
DIJKSTRA,0.0020012856,589,66
DFS_NORMAL,0.0009996891,159,600
DFS_LIM,0.0010015965,238,600
BFS,0.0009996891,798,92
A*,0.0009987354,219,54
BA*,0.0020003319,227,58
EBA*,0.0019993782,243,56
DIJKSTRA,0.0019981861,666,54
DFS_NORMAL,0.0020143986,831,268
DFS_LIM,0.0019881725,621,274
BFS,0.0010004044,769,54
A*,0.0019993782,564,77
BA*,0.0030016899,287,77
EBA*,0.0029993057,410,77
DIJKSTRA,0.0029995441,864,77
DFS_NORMAL,0.0,133,115
DFS_LIM,0.0,174,121
BFS,0.0009980202,830,77
A*,0.0019984245,386,64
BA*,0.0030007362,357,64
EBA*,0.0029983521,432,64
DIJKSTRA,0.0020010471,716,64
DFS_NORMAL,0.0,161,232
DFS_LIM,0.0010001659,234,326
BFS,0.001999855,821,64
A*,0.0020003319,231,59
BA*,0.0020024776,387,59
EBA*,0.0029985905,367,59
DIJKSTRA,0.001999855,671,59
DFS_NORMAL,0.0020008087,570,759
DFS_LIM,0.0010020733,563,487
BFS,0.0010008812,501,93
A*,0.0020000935,421,57
BA*,0.001999855,129,59
EBA*,0.002001524,128,63
DIJKSTRA,0.0019981861,778,57
DFS_NORMAL,0.0009994507,737,511
DFS_LIM,0.0020017624,815,337
BFS,0.0009996891,554,73
A*,0.0020005703,495,72
BA*,0.002001524,354,72
EBA*,0.0020005703,309,72
DIJKSTRA,0.0030021667,839,72
DFS_NORMAL,0.0010006428,167,448
DFS_LIM,0.0019972324,761,360
BFS,0.0020003319,692,328
A*,0.0019974709,531,74
BA*,0.0030012131,327,74
EBA*,0.0029990673,473,86
DIJKSTRA,0.0019989014,721,74
DFS_NORMAL,0.0,82,214
DFS_LIM,0.0010006428,411,74
BFS,0.001996994,829,158
A*,0.0020017624,298,59
BA*,0.0029981136,234,59
EBA*,0.003000021,312,59
DIJKSTRA,0.0029997826,776,59
DFS_NORMAL,0.0010008812,435,243
DFS_LIM,0.0010006428,657,123
BFS,0.0010015965,789,151
A*,0.001999855,120,43
BA*,0.0020003319,163,43
EBA*,0.0020022392,170,43
DIJKSTRA,0.0019986629,669,43
DFS_NORMAL,0.0010018349,551,795
DFS_LIM,0.0010011196,724,739
BFS,0.0010008812,825,43
A*,0.0019986629,319,54
BA*,0.001999855,134,54
EBA*,0.0020022392,181,54
DIJKSTRA,0.0020017624,803,54
DFS_NORMAL,0.0010037422,562,702
DFS_LIM,0.0010006428,560,514
BFS,0.0010023117,870,54
A*,0.0009977818,87,60
BA*,0.0020000935,130,60
EBA*,0.003000021,228,60
DIJKSTRA,0.0020000935,513,60
DFS_NORMAL,0.0,268,640
DFS_LIM,0.0009982586,365,604
BFS,0.0010001659,699,70
A*,0.0009975433,141,49
BA*,0.001999855,235,49
EBA*,0.0029981136,320,49
DIJKSTRA,0.0030004978,722,49
DFS_NORMAL,0.0019996166,753,879
DFS_LIM,0.0020003319,765,639
BFS,0.0009996891,792,49
A*,0.003000021,624,72
BA*,0.0020008087,194,72
EBA*,0.0020008087,225,72
DIJKSTRA,0.0019991398,827,72
DFS_NORMAL,0.0010011196,523,778
DFS_LIM,0.0009987354,603,494
BFS,0.001999855,832,294
A*,0.0009973049,250,62
BA*,0.0029973984,292,62
EBA*,0.0029995441,318,66
DIJKSTRA,0.0010025501,605,62
DFS_NORMAL,0.0009996891,295,560
DFS_LIM,0.0,393,514
BFS,0.0009992123,733,62
A*,0.0020022392,168,43
BA*,0.0019979477,140,47
EBA*,0.0020010471,128,47
DIJKSTRA,0.0019996166,729,43
DFS_NORMAL,0.001001358,772,755
DFS_LIM,0.0020003319,799,807
BFS,0.0019996166,769,45
A*,0.0010006428,185,39
BA*,0.0020000935,144,39
EBA*,0.0019977093,186,41
DIJKSTRA,0.0019993782,438,39
DFS_NORMAL,0.0010032654,598,1049
DFS_LIM,0.0010023117,648,749
BFS,0.0019984245,578,39
A*,0.0019981861,228,74
BA*,0.0030014515,395,74
EBA*,0.0019993782,395,74
DIJKSTRA,0.0020005703,512,74
DFS_NORMAL,0.0009999275,520,408
DFS_LIM,0.0020017624,898,204
BFS,0.0,358,120
A*,0.0019986629,133,43
BA*,0.0020008087,135,43
EBA*,0.0019972324,135,43
DIJKSTRA,0.0019996166,628,43
DFS_NORMAL,0.0020010471,714,983
DFS_LIM,0.0020000935,582,619
BFS,0.0020008087,691,77
A*,0.000998497,124,44
BA*,0.0020003319,187,44
EBA*,0.0020000935,344,48
DIJKSTRA,0.0040004253,601,44
DFS_NORMAL,0.0020003319,654,1270
DFS_LIM,0.0019984245,816,934
BFS,0.0010006428,647,44
A*,0.0020012856,395,67
BA*,0.003000021,308,67
EBA*,0.0029995441,327,67
DIJKSTRA,0.0040020943,804,67
DFS_NORMAL,0.0019977093,532,425
DFS_LIM,0.0010027885,528,387
BFS,0.0020000935,847,105
A*,0.0019996166,46,30
BA*,0.0020027161,70,30
EBA*,0.001999855,100,30
DIJKSTRA,0.0010025501,469,30
DFS_NORMAL,0.0010006428,291,322
DFS_LIM,0.0019981861,840,414
BFS,0.0010011196,531,30
A*,0.001999855,373,70
BA*,0.0029983521,328,80
EBA*,0.0020000935,364,80
DIJKSTRA,0.0019993782,805,70
DFS_NORMAL,0.0020012856,848,792
DFS_LIM,0.0009999275,805,806
BFS,0.0010008812,875,70
A*,0.0020005703,325,72
BA*,0.0029981136,415,72
EBA*,0.0030014515,462,72
DIJKSTRA,0.0030024052,738,72
DFS_NORMAL,0.0019981861,720,546
DFS_LIM,0.0010032654,636,424
BFS,0.0010004044,816,116
A*,0.001001358,255,70
BA*,0.0029990673,336,70
EBA*,0.0030035973,386,70
DIJKSTRA,0.0020020008,545,70
DFS_NORMAL,0.0019977093,647,690
DFS_LIM,0.0010011196,541,438
BFS,0.0010006428,599,102
A*,0.0019993782,196,37
BA*,0.0020000935,115,37
EBA*,0.0020024776,100,37
DIJKSTRA,0.001999855,584,37
DFS_NORMAL,0.0010006428,409,347
DFS_LIM,0.001001358,437,331
BFS,0.0010018349,594,59
A*,0.0019977093,113,39
BA*,0.0020003319,136,39
EBA*,0.001999855,146,39
DIJKSTRA,0.001001358,418,39
DFS_NORMAL,0.0020012856,595,643
DFS_LIM,0.0010008812,400,357
BFS,0.0010006428,383,91
A*,0.0009946823,83,32
BA*,0.0020005703,94,32
EBA*,0.0019993782,160,32
DIJKSTRA,0.0009989738,269,32
DFS_NORMAL,0.001001358,307,732
DFS_LIM,0.0,74,292
BFS,0.001001358,518,32
A*,0.0020003319,512,78
BA*,0.0030035973,529,84
EBA*,0.003002882,528,78
DIJKSTRA,0.0019991398,755,78
DFS_NORMAL,0.0010020733,289,356
DFS_LIM,0.0010025501,414,218
BFS,0.0009982586,483,110
A*,0.0009987354,117,42
BA*,0.001999855,151,42
EBA*,0.0020003319,155,42
DIJKSTRA,0.0019974709,466,42
DFS_NORMAL,0.0010008812,741,724
DFS_LIM,0.0020012856,773,756
BFS,0.0010008812,495,42
A*,0.0010011196,139,38
BA*,0.003000021,221,38
EBA*,0.002001524,196,38
DIJKSTRA,0.0019996166,565,38
DFS_NORMAL,0.0,328,344
DFS_LIM,0.0009992123,555,402
BFS,0.0010011196,612,38
A*,0.001999855,210,50
BA*,0.0030007362,310,50
EBA*,0.0029993057,263,50
DIJKSTRA,0.0020027161,570,50
DFS_NORMAL,0.0010001659,272,376
DFS_LIM,0.0010020733,250,298
BFS,0.0010011196,651,50
A*,0.0009996891,354,72
BA*,0.003000021,384,74
EBA*,0.0029978752,337,78
DIJKSTRA,0.0030004978,846,72
DFS_NORMAL,0.0009989738,575,922
DFS_LIM,0.0009994507,550,406
BFS,0.0010001659,889,122
A*,0.0030004978,901,193
BA*,0.0029990673,226,193
EBA*,0.0019989014,220,193
DIJKSTRA,0.0020020008,902,193
DFS_NORMAL,0.0010008812,136,431
DFS_LIM,0.0010008812,209,429
BFS,0.001001358,773,193
A*,0.0010011196,218,53
BA*,0.0029990673,328,53
EBA*,0.0029990673,368,53
DIJKSTRA,0.0010044575,510,53
DFS_NORMAL,0.0010008812,625,1003
DFS_LIM,0.0020008087,699,755
BFS,0.0020000935,686,95
A*,0.0020000935,73,28
BA*,0.0030019283,82,30
EBA*,0.0020005703,102,30
DIJKSTRA,0.0020008087,410,28
DFS_NORMAL,0.0010008812,871,630
DFS_LIM,0.0009989738,295,256
BFS,0.001001358,491,28
A*,0.0010001659,184,52
BA*,0.0029997826,271,54
EBA*,0.0030004978,290,54
DIJKSTRA,0.0019991398,605,52
DFS_NORMAL,0.0010025501,565,1016
DFS_LIM,0.0010015965,663,784
BFS,0.0010006428,604,102
A*,0.0020010471,279,51
BA*,0.0029985905,239,51
EBA*,0.0029997826,291,51
DIJKSTRA,0.001999855,746,51
DFS_NORMAL,0.0,196,671
DFS_LIM,0.0,204,195
BFS,0.0010008812,853,51
A*,0.0039975643,884,160
BA*,0.0029997826,176,160
EBA*,0.0019996166,209,160
DIJKSTRA,0.0029997826,885,160
DFS_NORMAL,0.0010032654,75,172
DFS_LIM,0.0009996891,172,176
BFS,0.0019984245,827,206
A*,0.0020020008,168,44
BA*,0.0029995441,261,44
EBA*,0.0019965172,284,44
DIJKSTRA,0.000998497,314,44
DFS_NORMAL,0.0020012856,754,804
DFS_LIM,0.0010018349,827,104
BFS,0.0010006428,485,96
A*,0.0009996891,143,44
BA*,0.001999855,184,44
EBA*,0.001999855,170,44
DIJKSTRA,0.0019996166,636,44
DFS_NORMAL,0.0,36,102
DFS_LIM,0.0,129,60
BFS,0.0009980202,599,130
A*,0.0019989014,268,68
BA*,0.001999855,236,68
EBA*,0.0020005703,293,68
DIJKSTRA,0.0020000935,830,68
DFS_NORMAL,0.0,174,256
DFS_LIM,0.0009992123,238,234
BFS,0.0019991398,853,186
A*,0.0009994507,205,45
BA*,0.0020022392,231,49
EBA*,0.0019977093,262,49
DIJKSTRA,0.0020010471,523,45
DFS_NORMAL,0.0010018349,411,599
DFS_LIM,0.001001358,304,65
BFS,0.001001358,542,93
A*,0.0019993782,257,53
BA*,0.0019972324,219,53
EBA*,0.0020000935,275,53
DIJKSTRA,0.0020022392,727,53
DFS_NORMAL,0.001001358,871,423
DFS_LIM,0.0020010471,846,291
BFS,0.0019986629,740,329
A*,0.0019984245,241,43
BA*,0.0019986629,201,55
EBA*,0.0020000935,227,43
DIJKSTRA,0.0020008087,701,43
DFS_NORMAL,0.0020024776,666,671
DFS_LIM,0.0010015965,832,159
BFS,0.0010006428,443,43
A*,0.0009996891,149,53
BA*,0.0020017624,230,53
EBA*,0.0020020008,315,53
DIJKSTRA,0.0019996166,622,53
DFS_NORMAL,0.0,230,571
DFS_LIM,0.0009989738,316,559
BFS,0.0019989014,709,53
A*,0.0020000935,491,76
BA*,0.001999855,380,76
EBA*,0.0030019283,354,76
DIJKSTRA,0.0019979477,726,76
DFS_NORMAL,0.001001358,393,818
DFS_LIM,0.0010011196,573,824
BFS,0.0,378,106
A*,0.0030012131,690,81
BA*,0.003000021,503,81
EBA*,0.0029973984,528,91
DIJKSTRA,0.0030002594,864,81
DFS_NORMAL,0.0009989738,632,973
DFS_LIM,0.0,318,575
BFS,0.0009982586,856,247
A*,0.0020000935,217,55
BA*,0.0020034313,250,63
EBA*,0.0019955635,252,63
DIJKSTRA,0.0019991398,821,55
DFS_NORMAL,0.0,59,59
DFS_LIM,0.0010001659,378,59
BFS,0.0019991398,887,55
A*,0.0029993057,904,163
BA*,0.0019996166,257,163
EBA*,0.001999855,272,163
DIJKSTRA,0.003998518,904,163
DFS_NORMAL,0.0010015965,368,549
DFS_LIM,0.0020020008,489,399
BFS,0.0,312,319
A*,0.0009989738,114,38
BA*,0.0020024776,184,38
EBA*,0.0030045509,266,38
DIJKSTRA,0.0019953251,421,38
DFS_NORMAL,0.0010001659,725,742
DFS_LIM,0.0020005703,771,174
BFS,0.0,486,38
A*,0.0019984245,246,70
BA*,0.0030002594,391,70
EBA*,0.0039987564,429,80
DIJKSTRA,0.0030012131,813,70
DFS_NORMAL,0.0009999275,318,804
DFS_LIM,0.0010011196,397,754
BFS,0.0020008087,843,70
A*,0.0030004978,426,59
BA*,0.0030004978,263,65
EBA*,0.0019991398,322,65
DIJKSTRA,0.0030007362,824,59
DFS_NORMAL,0.0010001659,58,71
DFS_LIM,0.0010006428,531,71
BFS,0.0019989014,763,65
A*,0.0030007362,830,98
BA*,0.0019967556,338,102
EBA*,0.0030033588,464,98
DIJKSTRA,0.0019986629,877,98
DFS_NORMAL,0.0010008812,371,726
DFS_LIM,0.0010020733,513,602
BFS,0.0010008812,880,100
A*,0.0009982586,180,45
BA*,0.0020005703,170,47
EBA*,0.0020008087,170,47
DIJKSTRA,0.0019977093,637,45
DFS_NORMAL,0.0010025501,308,471
DFS_LIM,0.0009987354,548,551
BFS,0.0010011196,652,121
A*,0.0029993057,735,87
BA*,0.0039980412,566,89
EBA*,0.0030004978,530,119
DIJKSTRA,0.001999855,862,87
DFS_NORMAL,0.0020022392,877,779
DFS_LIM,0.0010025501,884,649
BFS,0.0010004044,876,397
A*,0.0009973049,166,41
BA*,0.0019979477,165,41
EBA*,0.001999855,181,41
DIJKSTRA,0.0020000935,543,41
DFS_NORMAL,0.0010027885,244,539
DFS_LIM,0.0010015965,631,557
BFS,0.0009992123,593,41
A*,0.0019996166,633,92
BA*,0.0030024052,418,92
EBA*,0.003000021,494,94
DIJKSTRA,0.003000021,794,92
DFS_NORMAL,0.001003027,110,134
DFS_LIM,0.0009982586,154,144
BFS,0.0020010471,875,92
A*,0.0010006428,66,30
BA*,0.0010037422,71,32
EBA*,0.0019991398,78,32
DIJKSTRA,0.0009996891,432,30
DFS_NORMAL,0.0019991398,773,720
DFS_LIM,0.0020010471,747,344
BFS,0.0009992123,460,30
A*,0.0009994507,260,51
BA*,0.0019977093,199,51
EBA*,0.0020008087,170,51
DIJKSTRA,0.0020000935,551,51
DFS_NORMAL,0.0010037422,387,377
DFS_LIM,0.0009989738,488,355
BFS,0.0010001659,580,55
A*,0.0009999275,46,39
BA*,0.0010032654,72,39
EBA*,0.0020027161,64,39
DIJKSTRA,0.0009994507,388,39
DFS_NORMAL,0.0010035038,532,563
DFS_LIM,0.0009992123,616,283
BFS,0.0010018349,484,39
A*,0.0020000935,228,61
BA*,0.003000021,226,63
EBA*,0.0030007362,321,63
DIJKSTRA,0.0030014515,753,61
DFS_NORMAL,0.0020000935,675,665
DFS_LIM,0.0019981861,774,593
BFS,0.001001358,844,61
A*,0.0019984245,189,51
BA*,0.003000021,202,51
EBA*,0.003000021,286,51
DIJKSTRA,0.0020005703,682,51
DFS_NORMAL,0.0010006428,231,697
DFS_LIM,0.001001358,249,691
BFS,0.0010004044,748,111
A*,0.0029997826,820,112
BA*,0.0029983521,441,114
EBA*,0.0029997826,441,114
DIJKSTRA,0.0029993057,888,112
DFS_NORMAL,0.001999855,836,224
DFS_LIM,0.0020010471,901,250
BFS,0.0010025501,905,140
A*,0.0009973049,39,33
BA*,0.0020003319,64,33
EBA*,0.0020022392,69,33
DIJKSTRA,0.0020003319,366,33
DFS_NORMAL,0.0,33,33
DFS_LIM,0.0,83,37
BFS,0.0009980202,638,33
A*,0.0020000935,439,69
BA*,0.003000021,451,83
EBA*,0.0029997826,550,75
DIJKSTRA,0.0029995441,821,69
DFS_NORMAL,0.0020003319,885,403
DFS_LIM,0.0020010471,860,195
BFS,0.0020000935,877,69
A*,0.0019981861,348,48
BA*,0.0029995441,227,48
EBA*,0.0019996166,217,48
DIJKSTRA,0.0019996166,780,48
DFS_NORMAL,0.0010023117,480,470
DFS_LIM,0.0009994507,520,438
BFS,0.0009996891,615,100
A*,0.0009999275,119,52
BA*,0.001999855,169,52
EBA*,0.0020017624,299,52
DIJKSTRA,0.001999855,625,52
DFS_NORMAL,0.0,66,142
DFS_LIM,0.0009996891,126,52
BFS,0.0019972324,702,52
A*,0.001999855,290,59
BA*,0.0030016899,346,59
EBA*,0.0020000935,315,59
DIJKSTRA,0.0029997826,806,59
DFS_NORMAL,0.0010018349,51,105
DFS_LIM,0.0010004044,175,175
BFS,0.001003027,824,105
A*,0.0009975433,125,45
BA*,0.0020000935,118,45
EBA*,0.0019979477,165,45
DIJKSTRA,0.0020027161,602,45
DFS_NORMAL,0.0,214,563
DFS_LIM,0.001001358,306,479
BFS,0.0019979477,697,45
A*,0.0009994507,89,24
BA*,0.0010004044,58,24
EBA*,0.0019984245,64,24
DIJKSTRA,0.0010018349,306,24
DFS_NORMAL,0.000998497,453,446
DFS_LIM,0.0010015965,274,86
BFS,0.0009992123,329,24
A*,0.0009996891,230,50
BA*,0.0030004978,246,52
EBA*,0.0029978752,271,50
DIJKSTRA,0.0029997826,789,50
DFS_NORMAL,0.0020008087,713,690
DFS_LIM,0.001003027,685,356
BFS,0.0009987354,854,128
A*,0.0009999275,227,52
BA*,0.0020008087,235,54
EBA*,0.0020024776,253,52
DIJKSTRA,0.0019972324,680,52
DFS_NORMAL,0.0009992123,889,880
DFS_LIM,0.001999855,889,830
BFS,0.0010032654,811,54
A*,0.0020000935,417,104
BA*,0.0029997826,551,104
EBA*,0.0030019283,585,104
DIJKSTRA,0.0019984245,790,104
DFS_NORMAL,0.0,335,692
DFS_LIM,0.001999855,807,606
BFS,0.0019991398,813,104
A*,0.0029976368,671,75
BA*,0.0029995441,342,75
EBA*,0.0020027161,337,75
DIJKSTRA,0.0019991398,844,75
DFS_NORMAL,0.0019984245,691,409
DFS_LIM,0.0020024776,701,359
BFS,0.0019977093,872,121
A*,0.0019967556,244,57
BA*,0.001999855,377,57
EBA*,0.0029995441,312,57
DIJKSTRA,0.0020012856,598,57
DFS_NORMAL,0.0010015965,685,1073
DFS_LIM,0.0020008087,737,407
BFS,0.0019996166,836,57
A*,0.0009987354,82,36
BA*,0.0019991398,120,36
EBA*,0.0019996166,111,36
DIJKSTRA,0.0010015965,384,36
DFS_NORMAL,0.0010008812,769,368
DFS_LIM,0.0010004044,438,70
BFS,0.0010006428,452,36
A*,0.0020000935,592,79
BA*,0.00299716,410,79
EBA*,0.0029995441,480,79
DIJKSTRA,0.0030009747,739,79
DFS_NORMAL,0.0019989014,569,811
DFS_LIM,0.0010037422,353,285
BFS,0.0019979477,863,319
A*,0.002001524,59,35
BA*,0.0019972324,94,35
EBA*,0.0020000935,98,35
DIJKSTRA,0.0,190,35
DFS_NORMAL,0.0009996891,326,457
DFS_LIM,0.0010008812,421,141
BFS,0.0010018349,386,35
A*,0.0009996891,78,34
BA*,0.0019996166,110,34
EBA*,0.0020000935,98,34
DIJKSTRA,0.0020003319,391,34
DFS_NORMAL,0.0009996891,442,538
DFS_LIM,0.0010023117,179,100
BFS,0.0009994507,479,34
A*,0.0009994507,173,48
BA*,0.0020005703,185,48
EBA*,0.0020008087,181,48
DIJKSTRA,0.0010011196,551,48
DFS_NORMAL,0.0010035038,322,554
DFS_LIM,0.0009989738,574,400
BFS,0.0020000935,703,48
A*,0.0019972324,204,51
BA*,0.0029997826,206,51
EBA*,0.0029995441,271,51
DIJKSTRA,0.0020010471,537,51
DFS_NORMAL,0.0,279,509
DFS_LIM,0.0010001659,548,183
BFS,0.0010015965,629,115
A*,0.0020012856,398,86
BA*,0.0030009747,383,94
EBA*,0.0030009747,408,94
DIJKSTRA,0.0020010471,782,86
DFS_NORMAL,0.0010008812,457,754
DFS_LIM,0.0009999275,572,130
BFS,0.0020003319,844,98
A*,0.0019984245,164,59
BA*,0.0019986629,244,59
EBA*,0.0029993057,401,59
DIJKSTRA,0.0020005703,798,59
DFS_NORMAL,0.001003027,256,275
DFS_LIM,0.0009982586,360,253
BFS,0.0019991398,897,299
A*,0.0019986629,308,66
BA*,0.0029976368,219,66
EBA*,0.0030002594,252,66
DIJKSTRA,0.0020008087,591,66
DFS_NORMAL,0.0009992123,360,538
DFS_LIM,0.0029995441,368,516
BFS,0.0020003319,725,98
A*,0.0010011196,331,63
BA*,0.0029990673,249,63
EBA*,0.0019989014,265,63
DIJKSTRA,0.0020000935,675,63
DFS_NORMAL,0.0010008812,166,127
DFS_LIM,0.0009994507,373,269
BFS,0.0019991398,769,137
A*,0.0010004044,185,40
BA*,0.0019984245,134,40
EBA*,0.0020003319,163,40
DIJKSTRA,0.0030002594,634,40
DFS_NORMAL,0.0019989014,771,864
DFS_LIM,0.0020034313,536,344
BFS,0.0009996891,592,64
A*,0.0019974709,241,61
BA*,0.0030009747,234,65
EBA*,0.0029993057,270,65
DIJKSTRA,0.0019984245,754,61
DFS_NORMAL,0.001001358,95,95
DFS_LIM,0.0009996891,155,153
BFS,0.0010008812,867,271
A*,0.0020010471,337,62
BA*,0.0030002594,357,62
EBA*,0.0029997826,291,62
DIJKSTRA,0.0019993782,727,62
DFS_NORMAL,0.0010032654,489,946
DFS_LIM,0.0009975433,505,828
BFS,0.0019979477,761,176
A*,0.001003027,106,48
BA*,0.001999855,163,48
EBA*,0.0020017624,141,48
DIJKSTRA,0.0010006428,545,48
DFS_NORMAL,0.0010011196,326,438
DFS_LIM,0.0,371,452
BFS,0.0009989738,645,48
A*,0.0020000935,343,54
BA*,0.0020005703,336,58
EBA*,0.0020000935,332,54
DIJKSTRA,0.0030004978,831,54
DFS_NORMAL,0.0020008087,675,602
DFS_LIM,0.0019984245,804,288
BFS,0.0010023117,865,108
A*,0.0030031204,903,147
BA*,0.0020024776,210,147
EBA*,0.0019993782,201,147
DIJKSTRA,0.0029990673,904,147
DFS_NORMAL,0.0010004044,657,707
DFS_LIM,0.0010015965,781,561
BFS,0.0020027161,840,205
A*,0.0010008812,85,36
BA*,0.001999855,133,36
EBA*,0.0019996166,155,36
DIJKSTRA,0.001996994,379,36
DFS_NORMAL,0.0010015965,506,816
DFS_LIM,0.0020005703,739,772
BFS,0.0010004044,344,36
A*,0.0010018349,275,63
BA*,0.003000021,475,63
EBA*,0.0030016899,506,63
DIJKSTRA,0.0019977093,649,63
DFS_NORMAL,0.0,206,643
DFS_LIM,0.000998497,365,691
BFS,0.0010008812,638,63
A*,0.0010006428,153,55
BA*,0.0020000935,205,55
EBA*,0.0019993782,225,55
DIJKSTRA,0.0020029545,539,55
DFS_NORMAL,0.0019979477,894,415
DFS_LIM,0.0010011196,868,363
BFS,0.0010006428,687,67
A*,0.0010025501,112,42
BA*,0.0019996166,176,42
EBA*,0.0020010471,168,42
DIJKSTRA,0.0010023117,345,42
DFS_NORMAL,0.0009999275,556,804
DFS_LIM,0.0019986629,625,906
BFS,0.0,470,72
A*,0.0019979477,433,54
BA*,0.003000021,166,54
EBA*,0.0020020008,146,54
DIJKSTRA,0.0020008087,783,54
DFS_NORMAL,0.0010039806,657,1050
DFS_LIM,0.0019979477,656,964
BFS,0.0009992123,532,74
A*,0.0009999275,298,57
BA*,0.0030019283,452,57
EBA*,0.0020003319,413,57
DIJKSTRA,0.0019977093,566,57
DFS_NORMAL,0.0010011196,447,453
DFS_LIM,0.0,250,245
BFS,0.001001358,691,109
A*,0.0010023117,86,40
BA*,0.0019974709,94,40
EBA*,0.001999855,113,40
DIJKSTRA,0.0019972324,558,40
DFS_NORMAL,0.0009994507,870,524
DFS_LIM,0.0019996166,880,492
BFS,0.0010008812,529,50
A*,0.0009975433,161,55
BA*,0.0030004978,270,55
EBA*,0.0019991398,269,55
DIJKSTRA,0.001999855,663,55
DFS_NORMAL,0.0,93,91
DFS_LIM,0.0,194,153
BFS,0.0019972324,795,55
A*,0.0010020733,155,47
BA*,0.0029985905,164,47
EBA*,0.0020010471,204,47
DIJKSTRA,0.0019984245,797,47
DFS_NORMAL,0.0010006428,459,903
DFS_LIM,0.0,143,83
BFS,0.0010008812,858,47
A*,0.001996994,317,56
BA*,0.0019977093,233,56
EBA*,0.0029973984,270,56
DIJKSTRA,0.0029997826,783,56
DFS_NORMAL,0.0020000935,872,586
DFS_LIM,0.001003027,856,676
BFS,0.0010032654,629,180
A*,0.0029993057,434,67
BA*,0.0029995441,284,67
EBA*,0.0030014515,287,67
DIJKSTRA,0.0019979477,717,67
DFS_NORMAL,0.0019991398,639,643
DFS_LIM,0.0020024776,578,235
BFS,0.0019977093,769,139
A*,0.0019974709,299,63
BA*,0.0030007362,300,63
EBA*,0.001999855,393,63
DIJKSTRA,0.0019981861,757,63
DFS_NORMAL,0.0010006428,664,1159
DFS_LIM,0.0020005703,784,979
BFS,0.0019991398,825,97
A*,0.0009992123,58,32
BA*,0.001999855,96,32
EBA*,0.001999855,94,32
DIJKSTRA,0.0020005703,424,32
DFS_NORMAL,0.0010025501,344,720
DFS_LIM,0.0010006428,508,464
BFS,0.0009999275,512,32
A*,0.0009999275,101,40
BA*,0.0019996166,121,40
EBA*,0.0019977093,144,40
DIJKSTRA,0.001999855,559,40
DFS_NORMAL,0.0019996166,657,444
DFS_LIM,0.0020027161,657,454
BFS,0.0019991398,676,40
A*,0.0029985905,603,80
BA*,0.001999855,358,80
EBA*,0.0030012131,341,80
DIJKSTRA,0.0029978752,840,80
DFS_NORMAL,0.0,156,218
DFS_LIM,0.0,323,256
BFS,0.0020003319,792,122
A*,0.0010004044,59,34
BA*,0.0020000935,78,34
EBA*,0.0020000935,93,34
DIJKSTRA,0.001001358,424,34
DFS_NORMAL,0.0010018349,152,632
DFS_LIM,0.0010008812,235,346
BFS,0.0,492,34
A*,0.0010001659,190,49
BA*,0.0030016899,295,49
EBA*,0.0029981136,261,49
DIJKSTRA,0.0030007362,744,49
DFS_NORMAL,0.001001358,176,547
DFS_LIM,0.0009989738,221,477
BFS,0.0010037422,812,49
A*,0.0030004978,880,99
BA*,0.0020003319,221,99
EBA*,0.0020003319,265,99
DIJKSTRA,0.001996994,899,99
DFS_NORMAL,0.0010035038,524,631
DFS_LIM,0.0010027885,460,337
BFS,0.0019967556,880,133
A*,0.0010025501,246,53
BA*,0.0020027161,213,53
EBA*,0.0019972324,272,53
DIJKSTRA,0.0020003319,585,53
DFS_NORMAL,0.0020017624,574,1047
DFS_LIM,0.0010008812,532,833
BFS,0.0010025501,635,103
A*,0.0009996891,200,50
BA*,0.0019977093,212,50
EBA*,0.0020003319,227,50
DIJKSTRA,0.0020010471,607,50
DFS_NORMAL,0.0019981861,763,614
DFS_LIM,0.0010027885,471,106
BFS,0.0019977093,685,50
A*,0.0019972324,428,64
BA*,0.0019986629,348,64
EBA*,0.0029985905,402,64
DIJKSTRA,0.003000021,807,64
DFS_NORMAL,0.0020003319,623,960
DFS_LIM,0.0020017624,790,908
BFS,0.0010025501,828,124
A*,0.0020010471,197,53
BA*,0.0029993057,304,53
EBA*,0.0030014515,386,53
DIJKSTRA,0.0019979477,558,53
DFS_NORMAL,0.0019996166,880,263
DFS_LIM,0.001001358,844,267
BFS,0.0010004044,665,53
A*,0.0019977093,410,63
BA*,0.0029993057,353,63
EBA*,0.0020008087,401,65
DIJKSTRA,0.0019991398,749,63
DFS_NORMAL,0.000998497,459,643
DFS_LIM,0.0020008087,838,99
BFS,0.0019991398,767,63
A*,0.0019981861,257,55
BA*,0.0030004978,173,55
EBA*,0.0030014515,239,55
DIJKSTRA,0.001999855,667,55
DFS_NORMAL,0.0010004044,438,673
DFS_LIM,0.0010023117,736,631
BFS,0.001999855,826,55
A*,0.0019974709,252,64
BA*,0.0019958019,166,64
EBA*,0.0030007362,259,64
DIJKSTRA,0.0020017624,790,64
DFS_NORMAL,0.0010004044,425,516
DFS_LIM,0.0010011196,376,216
BFS,0.0010015965,745,120
A*,0.0020010471,345,56
BA*,0.0029988289,330,56
EBA*,0.0039947033,337,72
DIJKSTRA,0.0020003319,761,56
DFS_NORMAL,0.001001358,276,220
DFS_LIM,0.0009996891,467,326
BFS,0.001001358,603,74
A*,0.0030021667,356,61
BA*,0.0050022602,528,65
EBA*,0.0029990673,499,61
DIJKSTRA,0.0019996166,755,61
DFS_NORMAL,0.0,212,605
DFS_LIM,0.000998497,359,605
BFS,0.0010008812,792,107
A*,0.0020005703,177,53
BA*,0.0030016899,236,53
EBA*,0.0029983521,348,53
DIJKSTRA,0.001996994,636,53
DFS_NORMAL,0.0020000935,656,875
DFS_LIM,0.0019996166,697,923
BFS,0.0010018349,728,53
A*,0.0019986629,184,68
BA*,0.003000021,216,68
EBA*,0.0030024052,272,70
DIJKSTRA,0.0020020008,692,68
DFS_NORMAL,0.0009987354,244,80
DFS_LIM,0.0,227,98
BFS,0.0009973049,825,92
A*,0.0029976368,619,82
BA*,0.0019981861,180,82
EBA*,0.0019972324,209,82
DIJKSTRA,0.0019986629,857,82
DFS_NORMAL,0.0009994507,367,764
DFS_LIM,0.0010001659,573,342
BFS,0.001001358,549,82
A*,0.002001524,391,61
BA*,0.0029983521,497,61
EBA*,0.0029997826,418,61
DIJKSTRA,0.003000021,751,61
DFS_NORMAL,0.001999855,488,563
DFS_LIM,0.001001358,559,233
BFS,0.0010015965,571,185
A*,0.0019996166,220,49
BA*,0.0019991398,170,49
EBA*,0.0029983521,162,49
DIJKSTRA,0.0029997826,828,49
DFS_NORMAL,0.0020005703,671,1025
DFS_LIM,0.0010018349,806,831
BFS,0.0019977093,885,49
A*,0.0010008812,33,18
BA*,0.0019991398,54,18
EBA*,0.0010049343,37,18
DIJKSTRA,0.0009970665,173,18
DFS_NORMAL,0.0,393,288
DFS_LIM,0.0,61,28
BFS,0.0,167,18
A*,0.0030024052,588,68
BA*,0.0029976368,281,68
EBA*,0.0029997826,216,70
DIJKSTRA,0.0030002594,871,68
DFS_NORMAL,0.0010023117,299,628
DFS_LIM,0.0009977818,222,388
BFS,0.0020020008,716,108
A*,0.001999855,417,69
BA*,0.0020020008,281,69
EBA*,0.0030009747,422,77
DIJKSTRA,0.0020024776,831,69
DFS_NORMAL,0.0010018349,775,1115
DFS_LIM,0.0020027161,785,1197
BFS,0.0010001659,840,199
A*,0.0019996166,570,75
BA*,0.0020003319,248,75
EBA*,0.0020003319,277,75
DIJKSTRA,0.0020003319,850,75
DFS_NORMAL,0.0019996166,688,903
DFS_LIM,0.0020008087,694,865
BFS,0.0010027885,771,183
A*,0.0019989014,362,80
BA*,0.0030021667,279,80
EBA*,0.0030007362,308,80
DIJKSTRA,0.0020017624,780,80
DFS_NORMAL,0.0,74,92
DFS_LIM,0.0,212,140
BFS,0.0009980202,875,126
A*,0.0010004044,98,39
BA*,0.0019991398,137,39
EBA*,0.0020012856,184,39
DIJKSTRA,0.0019989014,508,39
DFS_NORMAL,0.0020010471,526,447
DFS_LIM,0.0010015965,387,151
BFS,0.0020017624,586,39
A*,0.0009992123,342,68
BA*,0.0030004978,348,68
EBA*,0.0030012131,333,68
DIJKSTRA,0.0030007362,804,68
DFS_NORMAL,0.0010011196,134,212
DFS_LIM,0.0010001659,190,234
BFS,0.0009999275,827,68
A*,0.0019979477,255,50
BA*,0.0030004978,294,50
EBA*,0.003998518,273,56
DIJKSTRA,0.0029973984,684,50
DFS_NORMAL,0.0020010471,569,804
DFS_LIM,0.0020000935,854,1024
BFS,0.0019958019,758,50
A*,0.0029988289,903,171
BA*,0.0020008087,255,171
EBA*,0.0030026436,284,171
DIJKSTRA,0.0029976368,903,171
DFS_NORMAL,0.0,293,745
DFS_LIM,0.0009987354,504,725
BFS,0.0009999275,895,215
A*,0.0019974709,487,73
BA*,0.0020008087,255,73
EBA*,0.0019996166,343,73
DIJKSTRA,0.001999855,820,73
DFS_NORMAL,0.0020024776,811,595
DFS_LIM,0.0010008812,834,787
BFS,0.0019993782,885,135
A*,0.0010039806,147,52
BA*,0.0019979477,230,52
EBA*,0.0029976368,335,52
DIJKSTRA,0.0019996166,714,52
DFS_NORMAL,0.0010011196,567,900
DFS_LIM,0.0010011196,425,728
BFS,0.0010011196,785,52
A*,0.0020003319,218,60
BA*,0.0029995441,299,60
EBA*,0.0030009747,253,60
DIJKSTRA,0.0010032654,564,60
DFS_NORMAL,0.001001358,511,678
DFS_LIM,0.0010037422,580,90
BFS,0.0010006428,617,76
A*,0.0009999275,173,41
BA*,0.0020005703,170,41
EBA*,0.001999855,207,41
DIJKSTRA,0.0019967556,705,41
DFS_NORMAL,0.001001358,797,849
DFS_LIM,0.001003027,797,745
BFS,0.001999855,791,41
A*,0.0019967556,278,55
BA*,0.0029969215,436,59
EBA*,0.0030024052,461,55
DIJKSTRA,0.0019993782,653,55
DFS_NORMAL,0.0020034313,551,763
DFS_LIM,0.0019965172,697,771
BFS,0.0020005703,672,433
A*,0.0010001659,351,66
BA*,0.0030007362,280,66
EBA*,0.0029988289,227,66
DIJKSTRA,0.0020022392,654,66
DFS_NORMAL,0.0010006428,413,416
DFS_LIM,0.0010011196,479,232
BFS,0.0009999275,492,84
A*,0.0009994507,106,50
BA*,0.001999855,154,54
EBA*,0.0019960403,150,54
DIJKSTRA,0.0020020008,390,50
DFS_NORMAL,0.0019981861,572,1018
DFS_LIM,0.0020000935,596,1018
BFS,0.0010008812,534,50
A*,0.0029993057,692,79
BA*,0.0029995441,305,79
EBA*,0.0030002594,347,85
DIJKSTRA,0.002001524,861,79
DFS_NORMAL,0.0009989738,528,669
DFS_LIM,0.0010032654,404,375
BFS,0.0019993782,890,127
A*,0.0019974709,164,39
BA*,0.0019996166,136,41
EBA*,0.0019996166,151,41
DIJKSTRA,0.0009987354,379,39
DFS_NORMAL,0.0010035038,827,879
DFS_LIM,0.0020022392,840,261
BFS,0.0010008812,435,39
A*,0.0029985905,776,99
BA*,0.0040004253,569,99
EBA*,0.0030045509,485,99
DIJKSTRA,0.0019984245,884,99
DFS_NORMAL,0.0010004044,578,803
DFS_LIM,0.0010011196,633,271
BFS,0.0019979477,899,163
A*,0.0019989014,326,50
BA*,0.0020020008,355,50
EBA*,0.0019977093,311,50
DIJKSTRA,0.0020003319,769,50
DFS_NORMAL,0.0010006428,469,506
DFS_LIM,0.0,187,550
BFS,0.0009992123,655,78
A*,0.0010004044,186,61
BA*,0.0029973984,303,61
EBA*,0.0030004978,336,61
DIJKSTRA,0.0030012131,758,61
DFS_NORMAL,0.0020000935,668,613
DFS_LIM,0.0009977818,574,615
BFS,0.0010011196,740,69
A*,0.0010008812,90,43
BA*,0.002001524,138,43
EBA*,0.0019993782,185,43
DIJKSTRA,0.0020012856,624,43
DFS_NORMAL,0.0,188,255
DFS_LIM,0.0009994507,473,77
BFS,0.0010001659,709,99
A*,0.0020012856,193,37
BA*,0.0020020008,159,39
EBA*,0.0019996166,155,39
DIJKSTRA,0.0009987354,529,37
DFS_NORMAL,0.0019991398,824,633
DFS_LIM,0.0009999275,581,399
BFS,0.0009994507,598,37
A*,0.0019996166,158,50
BA*,0.0029995441,235,56
EBA*,0.0019977093,217,56
DIJKSTRA,0.0020003319,654,50
DFS_NORMAL,0.0010011196,232,492
DFS_LIM,0.0009999275,420,84
BFS,0.0009992123,671,94
A*,0.0030004978,361,74
BA*,0.0020008087,340,74
EBA*,0.0030014515,368,74
DIJKSTRA,0.0019996166,768,74
DFS_NORMAL,0.0,119,506
DFS_LIM,0.0010015965,281,506
BFS,0.0019977093,693,74
A*,0.0029981136,665,142
BA*,0.0030002594,505,150
EBA*,0.0039997101,527,150
DIJKSTRA,0.0030009747,877,142
DFS_NORMAL,0.0009975433,578,276
DFS_LIM,0.0010011196,480,194
BFS,0.0019972324,849,564
A*,0.0009999275,115,43
BA*,0.0019993782,182,43
EBA*,0.0030026436,166,43
DIJKSTRA,0.0019977093,547,43
DFS_NORMAL,0.0,268,429
DFS_LIM,0.0019974709,865,645
BFS,0.0010015965,604,43
A*,0.0009999275,56,25
BA*,0.0019996166,72,25
EBA*,0.0020027161,72,25
DIJKSTRA,0.0019984245,334,25
DFS_NORMAL,0.0019989014,584,941
DFS_LIM,0.0020000935,726,785
BFS,0.0010004044,367,25
A*,0.0009994507,134,43
BA*,0.0020003319,197,47
EBA*,0.0020000935,275,45
DIJKSTRA,0.0020000935,702,43
DFS_NORMAL,0.0009989738,644,965
DFS_LIM,0.0010037422,626,335
BFS,0.0009999275,750,43
A*,0.0020027161,184,46
BA*,0.0019960403,296,48
EBA*,0.0019972324,290,52
DIJKSTRA,0.0020000935,675,46
DFS_NORMAL,0.0,182,560
DFS_LIM,0.0009977818,807,682
BFS,0.0010049343,747,286
A*,0.0009996891,116,40
BA*,0.0020003319,158,40
EBA*,0.0019984245,158,42
DIJKSTRA,0.0020020008,398,40
DFS_NORMAL,0.0,153,708
DFS_LIM,0.0009982586,671,328
BFS,0.0010020733,607,40
A*,0.0019979477,200,44
BA*,0.0020003319,103,44
EBA*,0.0020008087,121,44
DIJKSTRA,0.0019993782,644,44
DFS_NORMAL,0.0020012856,532,924
DFS_LIM,0.0019984245,556,702
BFS,0.0010006428,523,52
A*,0.0030007362,782,78
BA*,0.0029988289,373,86
EBA*,0.003000021,521,78
DIJKSTRA,0.0029997826,871,78
DFS_NORMAL,0.0020012856,603,550
DFS_LIM,0.0019986629,572,528
BFS,0.0020020008,820,136
A*,0.0010015965,54,21
BA*,0.001999855,69,21
EBA*,0.0019996166,68,21
DIJKSTRA,0.0010006428,229,21
DFS_NORMAL,0.0009996891,343,335
DFS_LIM,0.0,387,335
BFS,0.0009977818,294,21
A*,0.0020005703,600,80
BA*,0.0020010471,215,80
EBA*,0.0030009747,404,80
DIJKSTRA,0.0019977093,890,80
DFS_NORMAL,0.0,192,186
DFS_LIM,0.001001358,332,316
BFS,0.0019972324,889,350
A*,0.0020005703,170,50
BA*,0.0029983521,209,50
EBA*,0.0029997826,270,50
DIJKSTRA,0.0030004978,742,50
DFS_NORMAL,0.0020017624,874,814
DFS_LIM,0.0010032654,873,738
BFS,0.0009987354,840,90
A*,0.0030024052,441,74
BA*,0.0029985905,413,74
EBA*,0.0020017624,449,74
DIJKSTRA,0.0019981861,716,74
DFS_NORMAL,0.0020000935,885,688
DFS_LIM,0.0020046234,881,596
BFS,0.0009999275,758,112
A*,0.0020010471,518,81
BA*,0.0039997101,588,81
EBA*,0.0039994717,610,111
DIJKSTRA,0.0019981861,755,81
DFS_NORMAL,0.0,113,175
DFS_LIM,0.0009975433,163,131
BFS,0.0020031929,900,357
A*,0.002001524,438,68
BA*,0.0019996166,233,74
EBA*,0.0020000935,294,68
DIJKSTRA,0.0020000935,770,68
DFS_NORMAL,0.0009980202,63,170
DFS_LIM,0.0019977093,794,350
BFS,0.0009970665,796,208
A*,0.0010011196,226,50
BA*,0.0030002594,354,50
EBA*,0.0029969215,419,50
DIJKSTRA,0.001999855,520,50
DFS_NORMAL,0.0010027885,348,900
DFS_LIM,0.001001358,819,220
BFS,0.0010018349,456,82
A*,0.0040009022,565,68
BA*,0.0020005703,130,68
EBA*,0.0020000935,140,68
DIJKSTRA,0.0020000935,880,68
DFS_NORMAL,0.0010032654,617,572
DFS_LIM,0.0010011196,496,240
BFS,0.001001358,765,88
A*,0.0010015965,112,39
BA*,0.0020005703,150,41
EBA*,0.0020020008,172,41
DIJKSTRA,0.0010035038,491,39
DFS_NORMAL,0.0010008812,341,605
DFS_LIM,0.0010008812,210,41
BFS,0.0010006428,534,39
A*,0.0019972324,330,65
BA*,0.003000021,322,65
EBA*,0.0030002594,376,65
DIJKSTRA,0.0019547939,762,65
DFS_NORMAL,0.0010004044,657,563
DFS_LIM,0.0010035038,403,421
BFS,0.0019979477,807,107
A*,0.0020017624,161,41
BA*,0.0019981861,159,41
EBA*,0.0019996166,159,41
DIJKSTRA,0.0009987354,513,41
DFS_NORMAL,0.001003027,496,823
DFS_LIM,0.0010011196,446,397
BFS,0.0010023117,640,41
A*,0.0030033588,608,76
BA*,0.0030002594,495,84
EBA*,0.0029983521,429,84
DIJKSTRA,0.0019996166,846,76
DFS_NORMAL,0.0010006428,539,752
DFS_LIM,0.0,332,128
BFS,0.0019967556,844,120
A*,0.0020000935,329,53
BA*,0.0019996166,221,53
EBA*,0.0020024776,215,53
DIJKSTRA,0.0010004044,582,53
DFS_NORMAL,0.0010011196,242,231
DFS_LIM,0.001001358,427,353
BFS,0.0010004044,700,383
A*,0.0020022392,322,56
BA*,0.0019993782,304,56
EBA*,0.003000021,287,56
DIJKSTRA,0.0019996166,738,56
DFS_NORMAL,0.0010018349,356,332
DFS_LIM,0.0009987354,459,380
BFS,0.0020000935,803,106
A*,0.0010004044,76,25
BA*,0.0020017624,70,25
EBA*,0.0019996166,75,25
DIJKSTRA,0.001999855,333,25
DFS_NORMAL,0.0010008812,478,625
DFS_LIM,0.0010006428,452,559
BFS,0.0,317,263
A*,0.0010004044,142,53
BA*,0.0019993782,220,53
EBA*,0.0019996166,264,53
DIJKSTRA,0.0020005703,624,53
DFS_NORMAL,0.0019991398,559,675
DFS_LIM,0.0020000935,660,687
BFS,0.0019996166,714,53
A*,0.0010008812,144,53
BA*,0.0020017624,216,53
EBA*,0.0019991398,230,53
DIJKSTRA,0.0020003319,533,53
DFS_NORMAL,0.0,231,203
DFS_LIM,0.001001358,687,203
BFS,0.0010015965,669,53
A*,0.0010001659,254,47
BA*,0.0020017624,169,51
EBA*,0.0019986629,171,47
DIJKSTRA,0.0020000935,735,47
DFS_NORMAL,0.0020000935,537,1055
DFS_LIM,0.001999855,633,765
BFS,0.0020022392,805,47
A*,0.001003027,125,38
BA*,0.0019993782,96,38
EBA*,0.0020005703,87,38
DIJKSTRA,0.002001524,545,38
DFS_NORMAL,0.001001358,116,176
DFS_LIM,0.0010006428,251,362
BFS,0.001001358,612,38
A*,0.0009996891,40,19
BA*,0.0020012856,54,19
EBA*,0.0020003319,60,19
DIJKSTRA,0.0009987354,167,19
DFS_NORMAL,0.0019984245,899,555
DFS_LIM,0.0009996891,520,195
BFS,0.0010011196,268,19
A*,0.0019991398,173,58
BA*,0.0040016174,292,58
EBA*,0.0040016174,295,58
DIJKSTRA,0.0039975643,621,58
DFS_NORMAL,0.0,235,202
DFS_LIM,0.0009992123,392,164
BFS,0.0010023117,628,108
A*,0.0019981861,228,75
BA*,0.0030016899,355,75
EBA*,0.0030004978,326,75
DIJKSTRA,0.0019967556,788,75
DFS_NORMAL,0.0,76,123
DFS_LIM,0.0,126,107
BFS,0.0009980202,819,107
A*,0.0039989948,620,85
BA*,0.0029988289,371,93
EBA*,0.0040001869,379,91
DIJKSTRA,0.0029976368,820,85
DFS_NORMAL,0.001001358,604,963
DFS_LIM,0.001999855,669,647
BFS,0.0020003319,890,161
A*,0.0009999275,92,33
BA*,0.002001524,100,33
EBA*,0.001999855,117,33
DIJKSTRA,0.0020000935,377,33
DFS_NORMAL,0.0020012856,443,647
DFS_LIM,0.0009992123,571,513
BFS,0.0010018349,406,33
A*,0.0020003319,289,47
BA*,0.0020000935,274,47
EBA*,0.0020005703,245,47
DIJKSTRA,0.0020012856,673,47
DFS_NORMAL,0.0009992123,852,569
DFS_LIM,0.0010015965,485,117
BFS,0.0,481,365
A*,0.0020020008,200,38
BA*,0.0019979477,103,42
EBA*,0.0020017624,120,38
DIJKSTRA,0.0010004044,465,38
DFS_NORMAL,0.0010008812,363,790
DFS_LIM,0.001001358,550,372
BFS,0.000998497,552,38
A*,0.0010004044,237,46
BA*,0.0020000935,147,46
EBA*,0.001999855,131,46
DIJKSTRA,0.0020003319,797,46
DFS_NORMAL,0.0020012856,839,912
DFS_LIM,0.0010008812,759,610
BFS,0.0010001659,748,128
A*,0.0019993782,261,54
BA*,0.003998518,274,54
EBA*,0.003000021,316,54
DIJKSTRA,0.0029990673,802,54
DFS_NORMAL,0.0,102,196
DFS_LIM,0.0010001659,90,66
BFS,0.0010001659,763,278
A*,0.003000021,294,62
BA*,0.0040001869,317,62
EBA*,0.0049989223,349,62
DIJKSTRA,0.0020008087,749,62
DFS_NORMAL,0.0009992123,579,382
DFS_LIM,0.000998497,407,234
BFS,0.0020008087,857,62
A*,0.0019977093,386,58
BA*,0.0039994717,431,64
EBA*,0.003000021,335,58
DIJKSTRA,0.0020000935,660,58
DFS_NORMAL,0.0010004044,196,272
DFS_LIM,0.0,334,388
BFS,0.0019981861,731,72
A*,0.0029973984,646,67
BA*,0.0030012131,236,67
EBA*,0.0029990673,250,67
DIJKSTRA,0.0020000935,861,67
DFS_NORMAL,0.0,195,207
DFS_LIM,0.0009999275,443,207
BFS,0.0009980202,462,111
A*,0.0010006428,165,61
BA*,0.0029997826,264,61
EBA*,0.0030007362,402,61
DIJKSTRA,0.001999855,565,61
DFS_NORMAL,0.0010004044,272,379
DFS_LIM,0.0010027885,559,537
BFS,0.0009999275,754,61
A*,0.0029973984,797,92
BA*,0.0019981861,243,92
EBA*,0.0019996166,197,92
DIJKSTRA,0.0019996166,835,92
DFS_NORMAL,0.0,53,334
DFS_LIM,0.0,169,372
BFS,0.0009982586,714,154
A*,0.0009996891,244,42
BA*,0.0020012856,52,42
EBA*,0.0009989738,50,42
DIJKSTRA,0.0019996166,578,42
DFS_NORMAL,0.001003027,589,852
DFS_LIM,0.0,466,92
BFS,0.0010018349,282,42
A*,0.0020005703,333,80
BA*,0.0030031204,263,80
EBA*,0.0020000935,279,82
DIJKSTRA,0.0020010471,818,80
DFS_NORMAL,0.0010015965,908,186
DFS_LIM,0.0019993782,907,186
BFS,0.0009977818,840,370
A*,0.003002882,652,80
BA*,0.0029981136,269,80
EBA*,0.0030014515,298,84
DIJKSTRA,0.0020010471,833,80
DFS_NORMAL,0.0010004044,170,436
DFS_LIM,0.0010015965,302,416
BFS,0.0020003319,853,282
A*,0.0020027161,274,71
BA*,0.0030004978,434,71
EBA*,0.0030007362,356,71
DIJKSTRA,0.0020010471,593,71
DFS_NORMAL,0.0010025501,535,927
DFS_LIM,0.0009989738,519,923
BFS,0.0010032654,617,101
A*,0.0039987564,800,116
BA*,0.001999855,317,116
EBA*,0.00400424,281,116
DIJKSTRA,0.0029997826,897,116
DFS_NORMAL,0.0010006428,353,836
DFS_LIM,0.000998497,572,832
BFS,0.0010004044,465,356
A*,0.0009975433,230,55
BA*,0.0020000935,208,55
EBA*,0.0020024776,222,59
DIJKSTRA,0.001999855,836,55
DFS_NORMAL,0.0,124,263
DFS_LIM,0.0,189,75
BFS,0.0019974709,889,97
A*,0.0010001659,106,36
BA*,0.0019972324,88,36
EBA*,0.0020005703,110,36
DIJKSTRA,0.0020012856,500,36
DFS_NORMAL,0.0009996891,560,866
DFS_LIM,0.001001358,770,44
BFS,0.0010008812,611,36
A*,0.0020003319,481,74
BA*,0.0020003319,311,74
EBA*,0.0030019283,371,74
DIJKSTRA,0.0029981136,796,74
DFS_NORMAL,0.001001358,135,462
DFS_LIM,0.001001358,281,398
BFS,0.0010004044,746,344
A*,0.0029973984,905,158
BA*,0.0020000935,166,162
EBA*,0.0030024052,231,158
DIJKSTRA,0.0030004978,905,158
DFS_NORMAL,0.0010004044,658,686
DFS_LIM,0.0010035038,721,494
BFS,0.0019979477,892,336
A*,0.0009992123,95,39
BA*,0.0020010471,118,39
EBA*,0.0020003319,161,39
DIJKSTRA,0.0019979477,534,39
DFS_NORMAL,0.0010032654,371,353
DFS_LIM,0.0,80,285
BFS,0.0009994507,601,301
A*,0.0010008812,230,57
BA*,0.0030007362,298,57
EBA*,0.0029983521,257,57
DIJKSTRA,0.0020008087,631,57
DFS_NORMAL,0.0010015965,665,907
DFS_LIM,0.0019996166,659,895
BFS,0.0020017624,718,117
A*,0.0010001659,214,47
BA*,0.0019991398,136,47
EBA*,0.0020024776,184,47
DIJKSTRA,0.0020010471,641,47
DFS_NORMAL,0.0009999275,234,389
DFS_LIM,0.0,380,361
BFS,0.0010020733,670,91
A*,0.0019984245,504,71
BA*,0.0020005703,303,71
EBA*,0.0030002594,299,71
DIJKSTRA,0.0030007362,753,71
DFS_NORMAL,0.0010018349,369,203
DFS_LIM,0.0009982586,634,497
BFS,0.0010018349,761,241
A*,0.0030021667,618,73
BA*,0.0029981136,353,75
EBA*,0.0019989014,307,73
DIJKSTRA,0.0020003319,835,73
DFS_NORMAL,0.0009977818,497,555
DFS_LIM,0.0010023117,786,811
BFS,0.0010020733,677,73
A*,0.0010008812,184,61
BA*,0.0019993782,191,61
EBA*,0.0019993782,265,61
DIJKSTRA,0.001999855,675,61
DFS_NORMAL,0.0010015965,348,825
DFS_LIM,0.0010008812,446,165
BFS,0.0019986629,808,61
A*,0.0020003319,605,89
BA*,0.003002882,363,95
EBA*,0.0029976368,459,93
DIJKSTRA,0.0020003319,859,89
DFS_NORMAL,0.0010032654,692,665
DFS_LIM,0.0020003319,844,699
BFS,0.0019993782,834,167
A*,0.0020003319,326,58
BA*,0.0020008087,264,64
EBA*,0.0030012131,267,64
DIJKSTRA,0.0030009747,811,58
DFS_NORMAL,0.0009996891,112,212
DFS_LIM,0.0009994507,445,170
BFS,0.001999855,862,58
A*,0.0019981861,120,38
BA*,0.0030007362,98,38
EBA*,0.0020012856,109,38
DIJKSTRA,0.0019989014,601,38
DFS_NORMAL,0.0010061264,790,1092
DFS_LIM,0.003000021,717,464
BFS,0.0009977818,693,38
A*,0.0020017624,451,67
BA*,0.0020020008,206,67
EBA*,0.0030019283,248,67
DIJKSTRA,0.0019991398,736,67
DFS_NORMAL,0.0020000935,828,687
DFS_LIM,0.0019989014,853,613
BFS,0.0020003319,720,77
A*,0.0019993782,125,43
BA*,0.0029995441,192,43
EBA*,0.0030004978,172,43
DIJKSTRA,0.0010011196,255,43
DFS_NORMAL,0.0009994507,122,331
DFS_LIM,0.0020003319,547,343
BFS,0.0009996891,203,243
A*,0.0040001869,908,193
BA*,0.0030002594,144,193
EBA*,0.0029988289,205,193
DIJKSTRA,0.001999855,908,193
DFS_NORMAL,0.0010018349,644,763
DFS_LIM,0.0010023117,504,297
BFS,0.0010018349,674,293
A*,0.0009992123,180,46
BA*,0.003000021,230,46
EBA*,0.0029990673,310,46
DIJKSTRA,0.0010042191,589,46
DFS_NORMAL,0.0019981861,698,740
DFS_LIM,0.0019996166,543,820
BFS,0.0020000935,715,64
A*,0.0020034313,347,64
BA*,0.0020000935,409,64
EBA*,0.003000021,370,64
DIJKSTRA,0.0030038357,762,64
DFS_NORMAL,0.0009994507,455,446
DFS_LIM,0.0010006428,514,374
BFS,0.0010032654,809,166
A*,0.0019993782,139,71
BA*,0.0030002594,198,71
EBA*,0.0029976368,225,71
DIJKSTRA,0.0030007362,775,71
DFS_NORMAL,0.0010020733,184,539
DFS_LIM,0.0010004044,574,633
BFS,0.0020017624,839,71
A*,0.0009992123,165,49
BA*,0.0029973984,272,49
EBA*,0.0029995441,284,49
DIJKSTRA,0.0020029545,689,49
DFS_NORMAL,0.0019996166,734,593
DFS_LIM,0.0010035038,496,205
BFS,0.0010011196,778,103
A*,0.0029973984,490,79
BA*,0.0030002594,339,79
EBA*,0.0020000935,366,79
DIJKSTRA,0.0019981861,874,79
DFS_NORMAL,0.0,93,125
DFS_LIM,0.0009980202,434,611
BFS,0.0010027885,864,99
A*,0.0020003319,151,44
BA*,0.00299716,179,52
EBA*,0.001999855,181,52
DIJKSTRA,0.0020003319,667,44
DFS_NORMAL,0.0,152,486
DFS_LIM,0.001999855,757,290
BFS,0.001999855,752,44
A*,0.0009987354,122,35
BA*,0.002001524,92,35
EBA*,0.0019991398,133,35
DIJKSTRA,0.0019991398,584,35
DFS_NORMAL,0.001003027,698,951
DFS_LIM,0.001001358,326,83
BFS,0.0019986629,740,35
A*,0.0029995441,568,76
BA*,0.0019984245,228,80
EBA*,0.0019950867,316,76
DIJKSTRA,0.0019974709,839,76
DFS_NORMAL,0.0010020733,459,276
DFS_LIM,0.0010018349,455,520
BFS,0.0019991398,843,324
